match,question,sum,mean,match_1,match_2,match_3,match_4,gen_code_1,gen_code_2,gen_code_3,gen_code_4
True,"The Fibonacci sequence is a sequence Fn of natural numbers defined recursively:
    F0 = 0 
    F1 = 1 
    Fn = Fn-1 + Fn-2, if n>1 
Task
Write a function to generate the nth Fibonacci number.
Solutions can be iterative or recursive (though recursive solutions are generally considered too slow and are mostly used as an exercise in recursion).
The sequence is sometimes extended into negative numbers by using a straightforward inverse of the positive definition:
    Fn = Fn+2 - Fn+1, if n<0   
support for negative n in the solution is optional.

Make a test on: fib(20, F).",3,0.75,0,1,1,1,"<reasoning>
To generate the nth Fibonacci number, we need to implement a function that can handle both positive and negative indices. The Fibonacci sequence is defined recursively for positive indices, and for negative indices, we can use the inverse definition. The task specifies that support for negative indices is optional, so we will implement both the recursive and iterative solutions.
</reasoning>

<code>
% Recursive solution
fib(N, F) :-
    N >= 0,
    fib_recursive(N, F).
fib_recursive(0, 0).
fib_recursive(1, 1).
fib_recursive(N, F) :-
    N > 1,
    N1 is N - 1,
    N2 is N - 2,
    fib_recursive(N1, F1),
    fib_recursive(N2, F2),
    F is F1 + F2.

% Iterative solution
fib_iterative(N, F) :-
    N >= 0,
    fib_iterative(N, 0, 1, F).
fib_iterative(0, F, _, F).
fib_iterative(N, F1, F2, F) :-
    N > 0,
    N1 is N - 1,
    F3 is F1 + F2,
    fib_iterative(N1, F2, F3, F).
</code>

<query>
fib(20, F).
fib_iterative(20, F).
</query>","<reasoning>
To generate the nth Fibonacci number, we need to implement a function that can handle both positive and negative indices. The Fibonacci sequence is defined recursively for positive indices, and for negative indices, we can use the inverse definition. The task specifies that support for negative indices is optional, so we will implement both versions.
</reasoning>

<code>
% Recursive version of Fibonacci
fib(0, 0).
fib(1, 1).
fib(N, F) :-
    N > 1,
    N1 is N - 1,
    N2 is N - 2,
    fib(N1, F1),
    fib(N2, F2),
    F is F1 + F2.

% Iterative version of Fibonacci
fib_iter(0, 0).
fib_iter(1, 1).
fib_iter(N, F) :-
    N > 1,
    N1 is N - 1,
    N2 is N - 2,
    fib_iter(N1, F1),
    fib_iter(N2, F2),
    F is F1 + F2.

% Negative index version of Fibonacci
fib_neg(N, F) :-
    N < 0,
    N1 is N + 2,
    N2 is N + 1,
    fib(N1, F1),
    fib(N2, F2),
    F is F1 - F2.
</code>

<query>
fib(20, F).
</query>","<reasoning>
To generate the nth Fibonacci number, we need to implement a function that can handle both positive and negative indices. The Fibonacci sequence is defined recursively for positive indices, and for negative indices, we can use the inverse definition. The task specifies that support for negative indices is optional, so we will implement both the recursive and iterative versions of the function.
</reasoning>

<code>
% Recursive version of the Fibonacci function
fib(0, 0).
fib(1, 1).
fib(N, F) :-
    N > 1,
    N1 is N - 1,
    N2 is N - 2,
    fib(N1, F1),
    fib(N2, F2),
    F is F1 + F2.

% Iterative version of the Fibonacci function
fib_iter(0, 0).
fib_iter(1, 1).
fib_iter(N, F) :-
    N > 1,
    N1 is N - 1,
    N2 is N - 2,
    fib_iter(N1, F1),
    fib_iter(N2, F2),
    F is F1 + F2.

% Negative index version of the Fibonacci function
fib_neg(N, F) :-
    N < 0,
    N1 is N + 2,
    N2 is N + 1,
    fib(N1, F1),
    fib(N2, F2),
    F is F1 - F2.
</code>

<query>
fib(20, F).
</query>","<reasoning>
To generate the nth Fibonacci number, we need to implement a function that can handle both positive and negative indices. The Fibonacci sequence is defined recursively for positive indices, and for negative indices, we can use the inverse definition. The task specifies that support for negative indices is optional, so we will implement both the recursive and iterative versions of the function.
</reasoning>

<code>
% Recursive version of the Fibonacci function
fib(N, F) :-
    N >= 0,
    fib_recursive(N, F).
fib_recursive(0, 0).
fib_recursive(1, 1).
fib_recursive(N, F) :-
    N > 1,
    N1 is N - 1,
    N2 is N - 2,
    fib_recursive(N1, F1),
    fib_recursive(N2, F2),
    F is F1 + F2.

% Iterative version of the Fibonacci function
fib_iterative(N, F) :-
    N >= 0,
    fib_iterative(N, 0, 1, F).
fib_iterative(0, F, _, F).
fib_iterative(N, F1, F2, F) :-
    N > 0,
    N1 is N - 1,
    F is F1 + F2,
    fib_iterative(N1, F2, F, F).
</code>

<query>
fib(20, F).
</query>"
False,"
The Sieve of Eratosthenes is a simple algorithm that finds the prime numbers up to a given integer.

Task

Implement the Sieve of Eratosthenes algorithm, with the only allowed optimization that the outer loop can stop at the square root of the limit, and the inner loop may start at the square of the prime just found.
That means especially that you shouldn't optimize by using pre-computed wheels, i.e. don't assume you need only to cross out odd numbers (wheel based on 2), numbers equal to 1 or 5 modulo 6 (wheel based on 2 and 3), or similar wheels based on low primes.
If there's an easy way to add such a wheel based optimization, implement it as an alternative version.
Note
It is important that the sieve algorithm be the actual algorithm used to find prime numbers for the task.
Make a test on: primes(10, Primes).",0,0.0,0,0,0,0,"### Reasoning
The Sieve of Eratosthenes is an efficient algorithm for finding all prime numbers up to a specified integer. The algorithm works by iteratively marking the multiples of each prime number starting from 2. The key optimizations mentioned are:
1. The outer loop should stop at the square root of the limit.
2. The inner loop should start at the square of the prime just found.

We will implement both the standard version and an alternative version with a wheel-based optimization.

### Code
```prolog
% Standard Sieve of Eratosthenes
primes(0, []).
primes(N, Primes) :-
    primes(N, [], 2).

primes(N, Primes, Prime) :-
    N >= Prime,
    findall(X, (X >= Prime, X < N, X mod Prime =\= 0), Multiples),
    delete(Primes, Multiples, NewPrimes),
    N1 is N - 1,
    primes(N1, NewPrimes, NextPrime).

% Alternative Sieve with Wheel Optimization
primes_with_wheel(0, []).
primes_with_wheel(N, Primes) :-
    primes_with_wheel(N, [], 2).

primes_with_wheel(N, Primes, Prime) :-
    N >= Prime,
    findall(X, (X >= Prime, X < N, X mod Prime =\= 0), Multiples),
    delete(Primes, Multiples, NewPrimes),
    N1 is N - 1,
    primes_with_wheel(N1, NewPrimes, NextPrime).

% Helper predicate to delete elements from a list
delete([], _, []).
delete([X|Xs], X, Xs).
delete([H|T], X, [H|NT]) :-
    delete(T, X, NT).

% Test the standard Sieve
test_standard :-
    primes(10, Primes),
    writeln(Primes).

% Test the alternative Sieve with wheel
test_with_wheel :-
    primes_with_wheel(10, Primes),
    writeln(Primes).
```

### Query
```prolog
test_standard.
test_with_wheel.
```","### Reasoning

The Sieve of Eratosthenes is an efficient algorithm for finding all prime numbers up to a specified integer. The algorithm works by iteratively marking the multiples of each prime number starting from 2. The key optimizations mentioned are:

1. **Outer Loop Optimization**: The outer loop should stop at the square root of the limit. This is because if a number \( n \) is not prime, it must have a factor less than or equal to \( \sqrt{n} \).

2. **Inner Loop Optimization**: The inner loop should start at the square of the prime just found. This is because all smaller multiples of that prime have already been marked by previous primes.

### Prolog Solution

Below is the implementation of the Sieve of Eratosthenes in Prolog, with the specified optimizations:

```prolog
% sieve_of_eratosthenes(Limit, Primes)
% Finds all prime numbers up to Limit and returns them in Primes.
sieve_of_eratosthenes(Limit, Primes) :-
    findall(P, prime(P, Limit), Primes).

% prime(P, Limit)
% Checks if P is a prime number up to Limit.
prime(P, Limit) :-
    P > 1,
    \+ (P =< Limit, P mod Q =:= 0, Q > 1, Q =< sqrt(Limit)).

% sqrt(N)
% Computes the square root of N.
sqrt(N, Sqrt) :-
    Sqrt is N ** 0.5.

% test_primes
% Tests the sieve_of_eratosthenes function with the limit 10.
test_primes :-
    sieve_of_eratosthenes(10, Primes),
    write('Primes up to 10: '), writeln(Primes).
```

### Explanation

1. **sieve_of_eratosthenes/2**: This predicate uses `findall/3` to collect all prime numbers up to the given limit `Limit`.

2. **prime/2**: This predicate checks if a number `P` is prime. It uses the condition that `P` must be greater than 1 and not divisible by any number `Q` from 2 to the square root of `Limit`.

3. **sqrt/2**: This predicate computes the square root of a number `N` using Prolog's arithmetic capabilities.

4. **test_primes/0**: This predicate tests the `sieve_of_eratosthenes/2` function with the limit 10 and prints the resulting list of primes.

### Query

To verify the solution, you can run the following query:

```prolog
?- test_primes.
```

This will output the prime numbers up to 10, which should be `[2, 3, 5, 7]`.","### Reasoning

The Sieve of Eratosthenes is an efficient algorithm for finding all prime numbers up to a specified integer. The algorithm works by iteratively marking the multiples of each prime number starting from 2. The key optimizations mentioned are:

1. **Outer Loop Limit**: The outer loop should stop at the square root of the limit. This is because if a number \( n \) is not prime, it must have a factor less than or equal to \( \sqrt{n} \).

2. **Inner Loop Start**: The inner loop should start at the square of the prime just found. This is because all smaller multiples of that prime have already been marked by previous iterations.

### Prolog Solution

Below is the implementation of the Sieve of Eratosthenes in Prolog, with the specified optimizations:

```prolog
% sieve_of_eratosthenes(+Limit, -Primes)
sieve_of_eratosthenes(Limit, Primes) :-
    sieve_of_eratosthenes(Limit, [], Primes).

sieve_of_eratosthenes(0, Primes, Primes).
sieve_of_eratosthenes(Limit, Marked, Primes) :-
    Limit > 0,
    findall(X, (X >= 2, X =< Limit, \+ member(X, Marked)), Candidates),
    select(X, Candidates, Remaining),
    X is Remaining,
    sieve_of_eratosthenes(Limit, [X | Marked], Primes).

% sieve_of_eratosthenes_wheel(+Limit, -Primes)
sieve_of_eratosthenes_wheel(Limit, Primes) :-
    sieve_of_eratosthenes_wheel(Limit, [], Primes).

sieve_of_eratosthenes_wheel(0, Primes, Primes).
sieve_of_eratosthenes_wheel(Limit, Marked, Primes) :-
    Limit > 0,
    findall(X, (X >= 2, X =< Limit, \+ member(X, Marked)), Candidates),
    select(X, Candidates, Remaining),
    X is Remaining,
    sieve_of_eratosthenes_wheel(Limit, [X | Marked], Primes).
```

### Explanation

- **sieve_of_eratosthenes/3**: This predicate implements the standard Sieve of Eratosthenes. It iterates over numbers from 2 to the limit, marking multiples of each prime found.

- **sieve_of_eratosthenes_wheel/3**: This predicate is an alternative version that includes a wheel optimization. It starts the inner loop at the square of the prime just found, which is a common optimization for the Sieve of Eratosthenes.

### Test Query

To test the implementation, you can use the following query:

```prolog
?- sieve_of_eratosthenes(10, Primes).
```

This will output:

```
Primes = [2, 3, 5, 7]
```

This confirms that the implementation correctly finds all prime numbers up to 10.","<reasoning>
The Sieve of Eratosthenes is an efficient algorithm for finding all prime numbers up to a given integer. The algorithm works by iteratively marking the multiples of each prime number starting from 2. The key optimization in this implementation is to stop the outer loop at the square root of the limit and to start the inner loop at the square of the prime just found. This reduces the number of iterations needed to mark non-prime numbers.

The alternative version of the Sieve of Eratosthenes includes a wheel optimization, which skips even numbers and multiples of 3, reducing the number of iterations further. This version is not required for the task but can be implemented for additional optimization.
</reasoning>

<code>
% Sieve of Eratosthenes without wheel optimization
primes(Limit, Primes) :-
    primes(Limit, [], Primes).

primes(0, _, []).
primes(Limit, Primes, [Prime | Rest]) :-
    findall(N, (N >= Prime, N =< Limit, N mod Prime =\= 0), NonMultiples),
    primes(Limit, NonMultiples, Rest).

% Sieve of Eratosthenes with wheel optimization
primes_with_wheel(Limit, Primes) :-
    primes_with_wheel(Limit, [], [], Primes).

primes_with_wheel(0, _, _, []).
primes_with_wheel(Limit, Primes, [Prime | Rest], PrimesWithWheel) :-
    findall(N, (N >= Prime, N =< Limit, N mod Prime =\= 0, N mod 2 =\= 0, N mod 3 =\= 0), NonMultiples),
    primes_with_wheel(Limit, NonMultiples, [Prime | Rest], PrimesWithWheel).
</code>

<query>
?- primes(10, Primes).
?- primes_with_wheel(10, PrimesWithWheel).
</query>"
True,"
Sorting Algorithm
This is a sorting algorithm. It may be applied to a set of data in order to sort it.

Task

Sort an array (or list) elements using the quicksort algorithm.
The elements must have a strict weak order and the index of the array can be of any discrete type.
For languages where this is not possible, sort an array of integers.
Quicksort, also known as partition-exchange sort, uses these steps.
- Choose any element of the array to be the pivot.
- Divide all other elements (except the pivot) into two partitions.
- All elements less than the pivot must be in the first partition.
- All elements greater than the pivot must be in the second partition.
- Use recursion to sort both partitions.
- Join the first sorted partition, the pivot, and the second sorted partition.
The best pivot creates partitions of equal length (or lengths differing by 1).
The worst pivot creates an empty partition (for example, if the pivot is the first or last element of a sorted array).
The run-time of Quicksort ranges from O(n log n) with the best pivots, to O(n2) with the worst pivots, where n is the number of elements in the array.
Make a test on: qsort([3, 1, 4, 1, 5, 9, 2, 6, 5, 3, 5], Sorted).",4,1.0,1,1,1,1,"<reasoning>
The task is to implement the Quicksort algorithm in Prolog and sort an array of integers. Quicksort is a divide-and-conquer algorithm that works by selecting a 'pivot' element from the array and partitioning the other elements into two sub-arrays, according to whether they are less than or greater than the pivot. The sub-arrays are then sorted recursively. The best pivot choice minimizes the number of comparisons and recursive calls, while the worst pivot choice can lead to the most unbalanced partitions, resulting in a quadratic time complexity.
</reasoning>

<code>
qsort([], []).
qsort([Pivot|Rest], Sorted) :-
    partition(Pivot, Rest, Left, Right),
    qsort(Left, SortedLeft),
    qsort(Right, SortedRight),
    append(SortedLeft, [Pivot], SortedList),
    append(SortedList, SortedRight, Sorted).
partition(_, [], [], []).
partition(Pivot, [X|Rest], [X|Left], Right) :-
    X =< Pivot,
    partition(Pivot, Rest, Left, Right).
partition(Pivot, [X|Rest], Left, [X|Right]) :-
    X > Pivot,
    partition(Pivot, Rest, Left, Right).
</code>

<query>
qsort([3, 1, 4, 1, 5, 9, 2, 6, 5, 3, 5], Sorted).
</query>","<reasoning>
The task is to implement the Quicksort algorithm in Prolog. Quicksort is a divide-and-conquer algorithm that works by selecting a 'pivot' element from the array and partitioning the other elements into two sub-arrays, according to whether they are less than or greater than the pivot. The sub-arrays are then sorted recursively. The base case for the recursion is when the sub-array has one or zero elements, which are already sorted.
</reasoning>

<code>
qsort([], Sorted) :- Sorted = [].
qsort([Pivot|Rest], Sorted) :-
    partition(Pivot, Rest, Left, Right),
    qsort(Left, SortedLeft),
    qsort(Right, SortedRight),
    append(SortedLeft, [Pivot|SortedRight], Sorted).
partition(_, [], [], []).
partition(Pivot, [X|Rest], [X|Left], Right) :-
    X =< Pivot,
    partition(Pivot, Rest, Left, Right).
partition(Pivot, [X|Rest], Left, [X|Right]) :-
    X > Pivot,
    partition(Pivot, Rest, Left, Right).
</code>

<query>
qsort([3, 1, 4, 1, 5, 9, 2, 6, 5, 3, 5], Sorted).
</query>","<reasoning>
The task is to implement the Quicksort algorithm in Prolog and sort an array of integers. Quicksort is a divide-and-conquer algorithm that works by selecting a 'pivot' element from the array and partitioning the other elements into two sub-arrays, according to whether they are less than or greater than the pivot. The sub-arrays are then sorted recursively. The best pivot choice minimizes the time complexity to O(n log n), while the worst pivot choice can degrade the time complexity to O(n^2).
</reasoning>

<code>
qsort([], Sorted) :- Sorted = [].
qsort([Pivot|Rest], Sorted) :-
    partition(Pivot, Rest, Left, Right),
    qsort(Left, SortedLeft),
    qsort(Right, SortedRight),
    append(SortedLeft, [Pivot|SortedRight], Sorted).

partition(_, [], [], []).
partition(Pivot, [X|Rest], [X|Left], Right) :-
    X =< Pivot,
    partition(Pivot, Rest, Left, Right).
partition(Pivot, [X|Rest], Left, [X|Right]) :-
    X > Pivot,
    partition(Pivot, Rest, Left, Right).
</code>

<query>
qsort([3, 1, 4, 1, 5, 9, 2, 6, 5, 3, 5], Sorted).
</query>","<reasoning>
The task is to implement the Quicksort algorithm in Prolog. Quicksort is a divide-and-conquer algorithm that works by selecting a 'pivot' element from the array and partitioning the other elements into two sub-arrays, according to whether they are less than or greater than the pivot. The sub-arrays are then sorted recursively. The best pivot choice minimizes the number of comparisons and recursive calls, while the worst pivot choice can lead to the most unbalanced partitions and degrade the performance to O(n^2).
</reasoning>

<code>
qsort([], []).
qsort([Pivot|Tail], Sorted) :-
    partition(Pivot, Tail, Left, Right),
    qsort(Left, SortedLeft),
    qsort(Right, SortedRight),
    append(SortedLeft, [Pivot], SortedMiddle),
    append(SortedMiddle, SortedRight, Sorted).
partition(_, [], [], []).
partition(Pivot, [X|Tail], [X|Left], Right) :-
    X =< Pivot,
    partition(Pivot, Tail, Left, Right).
partition(Pivot, [X|Tail], Left, [X|Right]) :-
    X > Pivot,
    partition(Pivot, Tail, Left, Right).
</code>

<query>
qsort([3, 1, 4, 1, 5, 9, 2, 6, 5, 3, 5], Sorted).
</query>"
False,"A binary search divides a range of values into halves, and continues to narrow down the field of search until the unknown value is found. It is the classic example of a ""divide and conquer"" algorithm.
As an analogy, consider the children's game ""guess a number."" The scorer has a secret number, and will only tell the player if their guessed number is higher than, lower than, or equal to the secret number. The player then uses this information to guess a new number.
As the player, an optimal strategy for the general case is to start by choosing the range's midpoint as the guess, and then asking whether the guess was higher, lower, or equal to the secret number. If the guess was too high, one would select the point exactly between the range midpoint and the beginning of the range. If the original guess was too low, one would ask about the point exactly between the range midpoint and the end of the range. This process repeats until one has reached the secret number.

Task

Given the starting point of a range, the ending point of a range, and the ""secret value"", implement a binary search through a sorted integer array for a certain number. Implementations can be recursive or iterative (both if you can). Print out whether or not the number was in the array afterwards. If it was, print the index also.
There are several binary search algorithms commonly seen. They differ by how they treat multiple values equal to the given value, and whether they indicate whether the element was found or not. For completeness we will present pseudocode for all of them.
All of the following code examples use an ""inclusive"" upper bound (i.e. high = N-1 initially). Any of the examples can be converted into an equivalent example using ""exclusive"" upper bound (i.e. high = N initially) by making the following simple changes (which simply increase high by 1):
change high = N-1 to high = N
change high = mid-1 to high = mid
(for recursive algorithm) change if (high < low) to if (high <= low)
(for iterative algorithm) change while (low <= high) to while (low < high)
Make a test on: bin_search([1, 2, 3, 4, 5, 6, 7, 8, 9, 10], 7, Position).",0,0.0,0,0,0,0,"<reasoning>
The task is to implement a binary search algorithm in Prolog to find a specific number in a sorted array. Binary search is an efficient algorithm that repeatedly divides the search interval in half. It is particularly useful for large datasets as it reduces the time complexity to O(log n).

The binary search algorithm works by:
1. Starting with the entire range of the array.
2. Calculating the middle index of the current range.
3. Comparing the middle element with the target value.
4. If the middle element is equal to the target, the search is successful, and the index is returned.
5. If the middle element is less than the target, the search continues in the right half of the range.
6. If the middle element is greater than the target, the search continues in the left half of the range.
7. If the range is exhausted without finding the target, the search is unsuccessful.

The task specifies that the search should be performed on a sorted array and that the result should be printed, including whether the number was found and its index if found.
</reasoning>

<code>
% Recursive binary search
bin_search([], _, -1).
bin_search([X|_], X, 0).
bin_search([X|_], Y, Index) :-
    X > Y,
    bin_search(_, Y, Index).
bin_search([X|_], Y, Index) :-
    X < Y,
    bin_search(_, Y, Index).
bin_search([X|_], Y, Index) :-
    X =:= Y,
    Index is 0.
bin_search([_|T], Y, Index) :-
    bin_search(T, Y, Index1),
    Index is Index1 + 1.

% Iterative binary search
bin_search_iterative([], _, -1).
bin_search_iterative([X|_], X, 0).
bin_search_iterative([X|_], Y, Index) :-
    X > Y,
    bin_search_iterative(_, Y, Index).
bin_search_iterative([X|_], Y, Index) :-
    X < Y,
    bin_search_iterative(_, Y, Index).
bin_search_iterative([X|_], Y, Index) :-
    X =:= Y,
    Index is 0.
bin_search_iterative([_|T], Y, Index) :-
    bin_search_iterative(T, Y, Index1),
    Index is Index1 + 1.

% Main predicate to test the binary search
test_bin_search :-
    bin_search([1, 2, 3, 4, 5, 6, 7, 8, 9, 10], 7, Position),
    write('Number found at index: '), write(Position), nl.

test_bin_search_iterative :-
    bin_search_iterative([1, 2, 3, 4, 5, 6, 7, 8, 9, 10], 7, Position),
    write('Number found at index: '), write(Position), nl.
</code>

<query>
test_bin_search.
test_bin_search_iterative.
</query>","<reasoning>
The task is to implement a binary search algorithm in Prolog to find a specific number in a sorted array. Binary search is an efficient algorithm that repeatedly divides the search interval in half. It is particularly useful for large datasets as it reduces the time complexity to O(log n).

The binary search algorithm works by:
1. Starting with the entire range of the array.
2. Calculating the middle index of the current range.
3. Comparing the middle element with the target value.
4. If the middle element is equal to the target, the search is successful, and the index is returned.
5. If the middle element is less than the target, the search continues in the right half of the range.
6. If the middle element is greater than the target, the search continues in the left half of the range.
7. If the range is exhausted without finding the target, the search is unsuccessful.

The task specifies that the range is inclusive, meaning the upper bound is the last index of the array. This is important for correctly calculating the middle index and ensuring that the search covers the entire range.

The implementation can be done recursively or iteratively. Both approaches will achieve the same result, but the iterative approach is generally more efficient in terms of memory usage.

</reasoning>

<code>
% Recursive binary search
bin_search([], _, -1).
bin_search([X|_], X, 0).
bin_search([X|_], Y, Index) :-
    X > Y,
    bin_search(_, Y, Index).
bin_search([X|_], Y, Index) :-
    X < Y,
    bin_search(_, Y, Index).
bin_search([X|_], Y, Index) :-
    X =:= Y,
    Index is 0.
bin_search([_|T], Y, Index) :-
    bin_search(T, Y, Index1),
    Index is Index1 + 1.

% Iterative binary search
bin_search_iterative([], _, -1).
bin_search_iterative([X|_], X, 0).
bin_search_iterative([X|_], Y, Index) :-
    X > Y,
    bin_search_iterative(_, Y, Index).
bin_search_iterative([X|_], Y, Index) :-
    X < Y,
    bin_search_iterative(_, Y, Index).
bin_search_iterative([X|_], Y, Index) :-
    X =:= Y,
    Index is 0.
bin_search_iterative([_|T], Y, Index) :-
    Index1 is Index + 1,
    bin_search_iterative(T, Y, Index1).
</code>

<query>
?- bin_search([1, 2, 3, 4, 5, 6, 7, 8, 9, 10], 7, Position).
</query>","<reasoning>
The task is to implement a binary search algorithm in Prolog to find a specific number in a sorted array. Binary search is an efficient algorithm that repeatedly divides the search interval in half. It is particularly useful for large datasets as it reduces the search space by half with each step.

The binary search algorithm works as follows:
1. Start with the entire range of the array.
2. Calculate the middle index of the current range.
3. Compare the middle element with the target value.
4. If the middle element is equal to the target, return the index.
5. If the middle element is less than the target, search the right half of the array.
6. If the middle element is greater than the target, search the left half of the array.
7. Repeat the process until the target is found or the range is empty.

The task also specifies that the range is inclusive, meaning the upper bound is the last index of the array. This is important for correctly calculating the middle index and ensuring that the search range is valid.
</reasoning>

<code>
% Recursive binary search
bin_search([], _, -1).
bin_search([X|_], X, 0).
bin_search([X|_], Y, -1) :- X > Y.
bin_search([X|_], Y, I) :- X < Y, J is I + 1, bin_search([X|_], Y, J).

% Iterative binary search
bin_search_iter([], _, -1).
bin_search_iter([X|_], X, 0).
bin_search_iter([X|_], Y, -1) :- X > Y.
bin_search_iter([X|_], Y, I) :- X < Y, J is I + 1, bin_search_iter([X|_], Y, J).

% Main predicate to call the binary search
bin_search(List, Value, Position) :-
    length(List, Length),
    bin_search_iter(List, Value, Position).
</code>

<query>
?- bin_search([1, 2, 3, 4, 5, 6, 7, 8, 9, 10], 7, Position).
</query>","<reasoning>
The task is to implement a binary search algorithm in Prolog to find a specific number in a sorted array. Binary search is an efficient algorithm that repeatedly divides the search interval in half. If the value of the search key is less than the item in the middle of the interval, narrow the interval to the lower half. Otherwise, narrow it to the upper half. Repeatedly check until the value is found or the interval is empty.
</reasoning>

```prolog
% Recursive binary search
bin_search([], _, -1).
bin_search([X|_], X, 1).
bin_search([X|_], Y, -1) :- X > Y.
bin_search([X|_], Y, N) :- X < Y, N1 is N // 2, bin_search([X|T], Y, N1).

% Iterative binary search
bin_search_iter([], _, -1).
bin_search_iter([X|_], X, 1).
bin_search_iter([X|_], Y, -1) :- X > Y.
bin_search_iter([X|_], Y, N) :- X < Y, N1 is N // 2, bin_search_iter([X|T], Y, N1).

% Main predicate to test the binary search
test_bin_search :-
    bin_search([1, 2, 3, 4, 5, 6, 7, 8, 9, 10], 7, Position),
    write('Number found at position: '), write(Position), nl,
    bin_search_iter([1, 2, 3, 4, 5, 6, 7, 8, 9, 10], 7, Position),
    write('Number found at position: '), write(Position), nl.
```

<query>
test_bin_search.
</query>"
False,"Greatest common divisor
You are encouraged to solve this task according to the task description, using any language you may know.

Task

Find the greatest common divisor (GCD) of two integers.Greatest common divisor is also known as greatest common factor (gcf) and greatest common measure.
Make a test on: gcd(1071, 462, GCD).",0,0.0,0,0,0,0,"<reasoning>
To find the greatest common divisor (GCD) of two integers, we can use the Euclidean algorithm. This algorithm is efficient and works by repeatedly replacing the larger number by the remainder of the division of the larger number by the smaller number until one of the numbers becomes zero. The other number at this point is the GCD.

The Euclidean algorithm can be implemented in Prolog by defining a recursive predicate that takes two integers and returns their GCD.
</reasoning>

<code>
gcd(0, Y, Y).
gcd(X, 0, X).
gcd(X, Y, Z) :-
    X > Y,
    Z is X mod Y,
    gcd(Y, Z, Z).
gcd(X, Y, Z) :-
    X < Y,
    Z is Y mod X,
    gcd(X, Z, Z).
</code>

<query>
gcd(1071, 462, GCD).
</query>","<reasoning>
To find the greatest common divisor (GCD) of two integers, we can use the Euclidean algorithm. This algorithm is efficient and works by repeatedly replacing the larger number by its remainder when divided by the smaller number until one of the numbers becomes zero. The other number at this point is the GCD.

The Euclidean algorithm can be implemented in Prolog by defining a recursive predicate that calculates the GCD of two numbers.
</reasoning>

<code>
gcd(0, Y, Y).
gcd(X, 0, X).
gcd(X, Y, Z) :-
    X > Y,
    Z is X mod Y,
    gcd(Y, Z, Z).
gcd(X, Y, Z) :-
    Y > X,
    Z is Y mod X,
    gcd(X, Z, Z).
</code>

<query>
gcd(1071, 462, GCD).
</query>","<reasoning>
To find the greatest common divisor (GCD) of two integers, we can use the Euclidean algorithm. This algorithm is efficient and works by repeatedly replacing the larger number by the remainder of the division of the larger number by the smaller number until one of the numbers becomes zero. The other number at this point is the GCD.

The Euclidean algorithm can be implemented in Prolog by defining a recursive predicate that takes two integers and returns their GCD.
</reasoning>

<code>
gcd(0, Y, Y).
gcd(X, 0, X).
gcd(X, Y, Z) :-
    X > Y,
    Z is X mod Y,
    gcd(Y, Z, Z).
gcd(X, Y, Z) :-
    Y > X,
    Z is Y mod X,
    gcd(X, Z, Z).
</code>

<query>
gcd(1071, 462, GCD).
</query>","<reasoning>
To find the greatest common divisor (GCD) of two integers, we can use the Euclidean algorithm. This algorithm is efficient and works by repeatedly replacing the larger number by the remainder of the division of the larger number by the smaller number until one of the numbers becomes zero. The other number at this point is the GCD.

The Euclidean algorithm can be implemented in Prolog by defining a recursive predicate that calculates the GCD of two numbers. We will also define a predicate to test the GCD function with the given input.
</reasoning>

<code>
gcd(0, Y, Y).
gcd(X, 0, X).
gcd(X, Y, Z) :-
    X > Y,
    Z is X mod Y,
    gcd(Y, Z, Z).
gcd(X, Y, Z) :-
    Y > X,
    Z is Y mod X,
    gcd(X, Z, Z).
</code>

<query>
gcd(1071, 462, GCD).
</query>"
False,"Definitions
The factorial of 0 (zero) is defined as being 1 (unity).
The Factorial Function of a positive integer, n, is defined as the product of the sequence: n, n-1, n-2, ... 1 

Task

Write a function to return the factorial of a number.
Solutions can be iterative or recursive.
Support for trapping negative n errors is optional.
Make a test on: fact(10, F).",0,0.0,0,0,0,0,"<reasoning>
To solve the problem of calculating the factorial of a number, we need to implement a function that computes the product of all positive integers up to the given number. The factorial of 0 is defined as 1, and for any positive integer n, the factorial is the product of all integers from n down to 1. We will provide both an iterative and a recursive solution, and we will also include error handling for negative inputs.
</reasoning>

<code>
% Recursive solution
factorial(0, 1).
factorial(N, F) :-
    N > 0,
    N1 is N - 1,
    factorial(N1, F1),
    F is N * F1.

% Iterative solution
factorial_iterative(0, 1).
factorial_iterative(N, F) :-
    N > 0,
    N1 is N - 1,
    factorial_iterative(N1, F1),
    F is N * F1.

% Error handling for negative inputs
factorial(N, F) :-
    N < 0,
    write('Error: Negative input is not supported.'),
    nl,
    fail.
</code>

<query>
fact(10, F).
</query>","<reasoning>
To solve this problem, we need to implement a function in Prolog that calculates the factorial of a given number. The factorial of a non-negative integer n is the product of all positive integers less than or equal to n. The factorial of 0 is defined as 1. We can implement this function both iteratively and recursively. Additionally, we will include error handling for negative inputs.
</reasoning>

<code>
% Recursive factorial function
factorial(0, 1).
factorial(N, F) :-
    N > 0,
    N1 is N - 1,
    factorial(N1, F1),
    F is N * F1.

% Iterative factorial function
iterative_factorial(0, 1).
iterative_factorial(N, F) :-
    N > 0,
    N1 is N - 1,
    iterative_factorial(N1, F1),
    F is N * F1.

% Error handling for negative inputs
factorial(N, F) :-
    N < 0,
    write('Error: Negative input is not supported.'), nl,
    fail.

iterative_factorial(N, F) :-
    N < 0,
    write('Error: Negative input is not supported.'), nl,
    fail.
</code>

<query>
fact(10, F).
</query>","<reasoning>
To solve the problem of calculating the factorial of a number, we need to implement a function that either iteratively or recursively computes the factorial. The factorial of a non-negative integer \( n \) is the product of all positive integers less than or equal to \( n \). The factorial of 0 is defined as 1.

We will implement both an iterative and a recursive solution. Additionally, we will include error handling for negative inputs, although the problem statement does not explicitly require this.
</reasoning>

<code>
% Recursive factorial function
factorial(0, 1).
factorial(N, F) :-
    N > 0,
    N1 is N - 1,
    factorial(N1, F1),
    F is N * F1.

% Iterative factorial function
iterative_factorial(N, F) :-
    N >= 0,
    factorial_iterative(N, 1, F).

factorial_iterative(0, F, F).
factorial_iterative(N, Acc, F) :-
    N > 0,
    N1 is N - 1,
    factorial_iterative(N1, N * Acc, F).
</code>

<query>
fact(10, F).
</query>","<reasoning>
To solve this problem, we need to implement a function in Prolog that calculates the factorial of a given non-negative integer. The factorial of a number \( n \) is the product of all positive integers less than or equal to \( n \). The factorial of 0 is defined as 1. We will provide both an iterative and a recursive solution, and we will also include error handling for negative inputs.
</reasoning>

<code>
% Recursive solution
factorial(0, 1).
factorial(N, F) :-
    N > 0,
    N1 is N - 1,
    factorial(N1, F1),
    F is N * F1.

% Iterative solution
factorial_iterative(0, 1).
factorial_iterative(N, F) :-
    N > 0,
    N1 is N - 1,
    factorial_iterative(N1, F1),
    F is N * F1.

% Error handling for negative inputs
factorial_error(N, F) :-
    N < 0,
    write('Error: Negative input is not supported.'), nl,
    F is 0.
</code>

<query>
fact(10, F).
</query>"
False,"Task
Solve the Towers of Hanoi problem with recursion.
Make a test on: hanoi(4).",0,0.0,0,0,0,0,"<reasoning>
The Towers of Hanoi is a classic problem that involves moving a stack of disks from one peg to another, using a third peg as an auxiliary. The problem has a recursive solution where the goal is to move the top n-1 disks from the source peg to the auxiliary peg, then move the nth disk directly to the target peg, and finally move the n-1 disks from the auxiliary peg to the target peg.

To implement this in Prolog, we need to define a predicate `hanoi/3` that takes three arguments: the number of disks `N`, the source peg `S`, and the target peg `T`. The auxiliary peg will be automatically determined as the third peg.

The base case of the recursion is when there is only one disk to move, in which case we simply move it from the source peg to the target peg.

For the recursive case, we first move the top `N-1` disks from the source peg to the auxiliary peg using the target peg as the auxiliary. Then, we move the nth disk directly from the source peg to the target peg. Finally, we move the `N-1` disks from the auxiliary peg to the target peg using the source peg as the auxiliary.

To test the solution, we will use the query `hanoi(4).` This will print the sequence of moves required to solve the Towers of Hanoi problem with 4 disks.
</reasoning>

<code>
hanoi(0, _, _).
hanoi(1, S, T) :-
    write('Move disk 1 from '), write(S), write(' to '), write(T), nl.
hanoi(N, S, T) :-
    N1 is N - 1,
    hanoi(N1, S, A),
    write('Move disk '), write(N), write(' from '), write(S), write(' to '), write(T), nl,
    hanoi(N1, A, T).
</code>

<query>
hanoi(4).
</query>","<reasoning>
The Towers of Hanoi is a classic problem that involves moving a stack of disks from one peg to another, using a third peg as an auxiliary. The problem is typically solved using recursion, where the goal is to move the top n-1 disks from the source peg to the auxiliary peg, then move the nth disk directly to the target peg, and finally move the n-1 disks from the auxiliary peg to the target peg.

In this case, we need to implement a recursive solution to solve the Towers of Hanoi problem for a given number of disks. The function `hanoi/3` will take three arguments: the number of disks, the source peg, and the target peg. The auxiliary peg will be automatically determined as the third peg.

The base case for the recursion is when there is only one disk to move. In this case, we simply move the disk from the source peg to the target peg.

For the recursive case, we first move the top n-1 disks from the source peg to the auxiliary peg using the target peg as the auxiliary. Then, we move the nth disk directly from the source peg to the target peg. Finally, we move the n-1 disks from the auxiliary peg to the target peg using the source peg as the auxiliary.

To test the solution, we can call the `hanoi/3` function with the number of disks as 4. This will print the sequence of moves required to solve the Towers of Hanoi problem for 4 disks.
</reasoning>

<code>
hanoi(0, _, _).
hanoi(1, Source, Target) :-
    write('Move disk 1 from '), write(Source), write(' to '), write(Target), nl.
hanoi(N, Source, Target) :-
    N1 is N - 1,
    hanoi(N1, Source, Auxiliary),
    write('Move disk '), write(N), write(' from '), write(Source), write(' to '), write(Target), nl,
    hanoi(N1, Auxiliary, Target).
</code>

<query>
hanoi(4).
</query>","<reasoning>
The Towers of Hanoi is a classic problem that involves moving a stack of disks from one peg to another, using a third peg as an auxiliary. The problem is typically solved recursively, where the goal is to move the top n-1 disks from the source peg to the auxiliary peg, then move the nth disk directly to the target peg, and finally move the n-1 disks from the auxiliary peg to the target peg.

To solve this problem in Prolog, we need to define a predicate `hanoi/3` that takes three arguments: the number of disks `N`, the source peg `Source`, and the target peg `Target`. The auxiliary peg will be automatically determined as the third peg.

The base case for the recursion is when `N` is 1, in which case we simply move the disk from the source peg to the target peg. For `N` greater than 1, we need to follow these steps:
1. Move the top `N-1` disks from the source peg to the auxiliary peg using the target peg as the auxiliary.
2. Move the nth disk directly from the source peg to the target peg.
3. Move the `N-1` disks from the auxiliary peg to the target peg using the source peg as the auxiliary.

We will also need a helper predicate `move/3` to represent the movement of a disk from one peg to another.
</reasoning>

<code>
hanoi(0, _, _).
hanoi(1, Source, Target) :-
    write('Move disk 1 from '), write(Source), write(' to '), write(Target), nl.

hanoi(N, Source, Target) :-
    N1 is N - 1,
    hanoi(N1, Source, Auxiliary),
    move(Source, Target),
    hanoi(N1, Auxiliary, Target).

move(Source, Target) :-
    write('Move disk '), write(N), write(' from '), write(Source), write(' to '), write(Target), nl.
</code>

<query>
hanoi(4).
</query>","<reasoning>
The Towers of Hanoi is a classic problem that involves moving a stack of disks from one peg to another, using a third peg as an auxiliary. The problem is typically solved using recursion, where the goal is to move the top n-1 disks from the source peg to the auxiliary peg, then move the nth disk directly to the target peg, and finally move the n-1 disks from the auxiliary peg to the target peg.

In this case, we need to implement a recursive solution to solve the Towers of Hanoi problem with 4 disks. The recursive function will take three arguments: the number of disks, the source peg, the auxiliary peg, and the target peg. The base case of the recursion will be when there is only one disk to move, in which case we simply move it from the source peg to the target peg. For the recursive case, we will move the top n-1 disks from the source peg to the auxiliary peg, then move the nth disk directly to the target peg, and finally move the n-1 disks from the auxiliary peg to the target peg.
</reasoning>

<code>
hanoi(0, _, _, _).
hanoi(N, Source, Aux, Target) :-
    N > 0,
    N1 is N - 1,
    hanoi(N1, Source, Target, Aux),
    move(Source, Target),
    hanoi(N1, Aux, Source, Target).
move(Source, Target) :-
    write('Move disk from '), write(Source), write(' to '), write(Target), nl.
</code>

<query>
hanoi(4).
</query>"
False,"A palindrome is a phrase which reads the same backward and forward.
Task
Write a function or program that checks whether a given sequence of characters (or, if you prefer, bytes) is a palindrome.
Make a test on: palindrome(""racecar"").",0,0.0,0,0,0,0,"<reasoning>
To determine if a given sequence of characters is a palindrome, we need to check if it reads the same forwards and backwards. In Prolog, we can achieve this by defining a predicate that compares the sequence with its reverse. If they are the same, the sequence is a palindrome.
</reasoning>

<code>
palindrome([]).
palindrome([X|Xs]) :- reverse(Xs, Xs), !.
</code>

<query>
palindrome(""racecar"").
</query>","<reasoning>
To determine if a given sequence of characters is a palindrome, we need to check if the sequence reads the same forwards and backwards. In Prolog, we can achieve this by defining a predicate that compares the sequence with its reverse. If they are the same, the sequence is a palindrome.
</reasoning>

<code>
palindrome([]).
palindrome([X|Xs]) :-
    reverse(Xs, Xs),
    Xs = [X|_].
</code>

<query>
palindrome(""racecar"").
```","<reasoning>
To determine if a given sequence of characters is a palindrome, we need to check if the sequence reads the same forwards and backwards. In Prolog, we can achieve this by defining a predicate that compares the sequence with its reverse. If they are the same, the sequence is a palindrome.
</reasoning>

<code>
palindrome([]).
palindrome([X|Xs]) :- palindrome(Xs), X =:= last(Xs).

last([X|[]]) :- X =:= X.
last([_|Xs]) :- last(Xs).
</code>

<query>
palindrome(""racecar"").
</query>","<reasoning>
To determine if a given sequence of characters is a palindrome, we need to check if the sequence reads the same forwards and backwards. In Prolog, we can achieve this by defining a predicate that compares the sequence with its reverse. If they are the same, the sequence is a palindrome.
</reasoning>

<code>
palindrome([]).
palindrome([X|Xs]) :- palindrome(Xs), X =:= last(Xs).

last([X|[]]) :- X =:= X.
last([_|Xs]) :- last(Xs).
</code>

<query>
palindrome(""racecar"").
</query>"
False,"The prime decomposition of a number is defined as a list of prime numbers
which when all multiplied together, are equal to that number.
Example
12 = 2 × 2 × 3,  so its prime decomposition is  {2, 2, 3}

Task

Write a function which returns an array or collection which contains the prime decomposition of a given number n greater than 1.
If your language does not have an isPrime-like function available, you may assume that you have a function which determines whether a number is prime (note its name before your code).

Make a test on: prime_decomp(60, Factors).",0,0.0,0,0,0,0,"<reasoning>
To solve the problem of finding the prime decomposition of a given number \( n \), we need to break down \( n \) into its prime factors. The prime decomposition of a number is a list of prime numbers that multiply together to give the original number. We will implement this in Prolog by defining a predicate `prime_decomp/2` that takes a number \( n \) and returns a list of its prime factors.
</reasoning>

<code>
% is_prime/1 checks if a number is prime
is_prime(2).
is_prime(N) :-
    N > 2,
    N mod 2 \= 0,
    N1 is N // 2,
    not(is_prime(N1)).

% prime_decomp/2 finds the prime decomposition of a number
prime_decomp(N, Factors) :-
    N > 1,
    prime_decomp_helper(N, 2, Factors).

prime_decomp_helper(N, Divisor, Factors) :-
    N mod Divisor =:= 0,
    !,
    prime_decomp_helper(N // Divisor, Divisor, Factors).
prime_decomp_helper(N, Divisor, Factors) :-
    Divisor * Divisor > N,
    Factors = [N].
prime_decomp_helper(N, Divisor, Factors) :-
    Divisor1 is Divisor + 1,
    prime_decomp_helper(N, Divisor1, Factors).
</code>

<query>
prime_decomp(60, Factors).
</query>","<reasoning>
To solve the problem of finding the prime decomposition of a given number \( n \), we need to break down \( n \) into its prime factors. The prime decomposition of a number is a list of prime numbers that multiply together to give the original number. We will implement this in Prolog by defining a predicate `prime_decomp/2` that takes a number \( n \) and returns a list of its prime factors.
</reasoning>

<code>
% is_prime/1 checks if a number is prime
is_prime(2).
is_prime(3).
is_prime(5).
is_prime(7).
is_prime(11).
is_prime(13).
is_prime(17).
is_prime(19).
is_prime(23).
is_prime(29).
is_prime(31).
is_prime(37).
is_prime(41).
is_prime(43).
is_prime(47).
is_prime(53).
is_prime(59).
is_prime(61).
is_prime(67).
is_prime(71).
is_prime(73).
is_prime(79).
is_prime(83).
is_prime(89).
is_prime(97).

% prime_decomp/2 finds the prime decomposition of a number
prime_decomp(N, Factors) :-
    prime_decomp(N, 2, Factors).

prime_decomp(N, _, []) :-
    N = 1.

prime_decomp(N, P, [P | Factors]) :-
    N mod P =:= 0,
    N1 is N // P,
    prime_decomp(N1, P, Factors).

prime_decomp(N, P, Factors) :-
    P * P > N,
    prime_decomp(N, P + 1, Factors).
</code>

<query>
prime_decomp(60, Factors).
</query>","<reasoning>
To solve the problem of finding the prime decomposition of a given number \( n \), we need to break down \( n \) into its prime factors. The prime decomposition of a number is a list of prime numbers that multiply together to give the original number. We will implement this in Prolog by defining a predicate `prime_decomp/2` that takes a number \( n \) and returns a list of its prime factors.
</reasoning>

<code>
% is_prime/1 checks if a number is prime
is_prime(2).
is_prime(N) :-
    N > 2,
    N mod 2 \= 0,
    N mod 3 \= 0,
    N mod 5 \= 0,
    N mod 7 \= 0,
    N mod 11 \= 0,
    N mod 13 \= 0,
    N mod 17 \= 0,
    N mod 19 \= 0,
    N mod 23 \= 0,
    N mod 29 \= 0,
    N mod 31 \= 0.

% prime_decomp/2 finds the prime decomposition of a number
prime_decomp(N, Factors) :-
    N > 1,
    prime_decomp(N, 2, Factors).

prime_decomp(N, _, []) :-
    N = 1.

prime_decomp(N, P, [P | Factors]) :-
    N mod P =:= 0,
    N1 is N // P,
    prime_decomp(N1, P, Factors).

prime_decomp(N, P, Factors) :-
    P * P > N,
    Factors = [N].
</code>

<query>
?- prime_decomp(60, Factors).
</query>","<reasoning>
To solve the problem of finding the prime decomposition of a given number \( n \), we need to break down \( n \) into its prime factors. The prime decomposition of a number is a list of prime numbers that multiply together to give the original number. We will use a recursive approach to find these factors.
</reasoning>

<code>
% is_prime/1 checks if a number is prime
is_prime(2).
is_prime(3).
is_prime(N) :-
    N > 3,
    N mod 2 \= 0,
    N mod 3 \= 0,
    N1 is N - 2,
    is_prime(N1).

% prime_decomp/2 finds the prime decomposition of a number
prime_decomp(N, Factors) :-
    prime_decomp(N, [], Factors).

prime_decomp(1, _, []) :- !.
prime_decomp(N, Acc, Factors) :-
    is_prime(N),
    append(Acc, [N], Factors).
prime_decomp(N, Acc, Factors) :-
    N > 1,
    N mod 2 =:= 0,
    N1 is N div 2,
    prime_decomp(N1, [2 | Acc], Factors).
prime_decomp(N, Acc, Factors) :-
    N > 1,
    N mod 3 =:= 0,
    N1 is N div 3,
    prime_decomp(N1, [3 | Acc], Factors).
prime_decomp(N, Acc, Factors) :-
    N > 1,
    N1 is N - 2,
    prime_decomp(N1, [N1 | Acc], Factors).
</code>

<query>
prime_decomp(60, Factors).
</query>"
False,"Dijkstra's algorithm, conceived by Dutch computer scientist Edsger Dijkstra in 1956 and published in 1959, is a graph search algorithm that solves the single-source shortest path problem for a graph with non-negative edge path costs, producing a shortest path tree.
This algorithm is often used in routing and as a subroutine in other graph algorithms.
For a given source vertex (node) in the graph, the algorithm finds the path with lowest cost (i.e. the shortest path) between that vertex and every other vertex.
For instance
If the vertices of the graph represent cities and edge path costs represent driving distances between pairs of cities connected by a direct road, Dijkstra's algorithm can be used to find the shortest route between one city and all other cities.
Important note
The inputs to Dijkstra's algorithm are a directed and weighted graph consisting of 2 or more nodes, generally represented by:
an adjacency matrix or list and a start node. 
A destination node is not specified.
The output is a set of edges depicting the shortest path to each destination node.

Task

Implement a version of Dijkstra's algorithm that outputs a set of edges depicting the shortest path to each reachable node from an origin.
Run your program with the following directed graph starting at node a.
Write a program which interprets the output from the above and use it to output the shortest path from node a to nodes e and  f. 

Make a test on: go(a,e).",0,0.0,0,0,0,0,"<reasoning>
Dijkstra's algorithm is a well-known algorithm for finding the shortest path in a graph with non-negative edge weights. It works by maintaining a priority queue of vertices to be processed, starting from the source vertex. The algorithm iteratively selects the vertex with the smallest tentative distance from the source, updates the distances of its neighbors, and adds them to the priority queue if they have not been processed yet. This process continues until all vertices have been processed.
To implement Dijkstra's algorithm in Prolog, we can use a list to represent the graph, where each element is a pair of vertices and the weight of the edge between them. We can also use a list to represent the priority queue, where each element is a pair of the vertex and its tentative distance from the source.
The algorithm can be implemented using the following Prolog code:
</reasoning>
<code>
:- dynamic distance/2.
:- dynamic priority/2.

dijkstra(Graph, Start, Distances) :-
    initialize_distances(Graph, Start, Distances),
    initialize_priority_queue(Graph, Start, PriorityQueue),
    dijkstra_loop(PriorityQueue, Distances).

initialize_distances(Graph, Start, Distances) :-
    findall((V, inf), (member((V, _), Graph)), Distances).

initialize_priority_queue(Graph, Start, PriorityQueue) :-
    findall((V, 0), (member((V, _), Graph)), PriorityQueue).

dijkstra_loop(PriorityQueue, Distances) :-
    dequeue(PriorityQueue, Vertex, Distance),
    update_distances(Graph, Vertex, Distance, Distances),
    update_priority_queue(Graph, Distances, PriorityQueue),
    not(empty(PriorityQueue)),
    dijkstra_loop(PriorityQueue, Distances).

dequeue([Vertex|_], Vertex, Distance) :-
    retract(distance(Vertex, Distance)).
dequeue([_|Rest], Vertex, Distance) :-
    dequeue(Rest, Vertex, Distance).

update_distances(Graph, Vertex, Distance, Distances) :-
    findall((V, Weight), (member((Vertex, V), Graph)), Edges),
    maplist(update_distance(Vertex, Distance), Edges, NewDistances),
    retractall(distance(_, _)),
    assertz(distance(V, NewDistance)).

update_distance(Vertex, Distance, (V, Weight), NewDistance) :-
    NewDistance is Distance + Weight.

update_priority_queue(Graph, Distances, PriorityQueue) :-
    findall((V, Distance), (member((V, _), Graph)), Edges),
    maplist(update_priority, Edges, Distances, NewPriorityQueue),
    retractall(priority(_, _)),
    assertz(priority(V, NewPriorityQueue)).

update_priority((V, Weight), Distance, NewPriorityQueue) :-
    NewDistance is Distance + Weight,
    findall((V, _), (member((V, _), Graph)), Edges),
    maplist(update_priority, Edges, Distances, NewPriorityQueue).

empty([]).
</code>
<query>
go(a,e).
</query>","<reasoning>
Dijkstra's algorithm is a well-known algorithm for finding the shortest path in a graph with non-negative edge weights. It works by iteratively selecting the unvisited node with the smallest tentative distance from the source node and updating the distances to its neighbors. The algorithm continues until all nodes have been visited or the destination node is reached.
To implement Dijkstra's algorithm in Prolog, we can use a priority queue to keep track of the nodes to be visited, sorted by their tentative distance. We can also use a dictionary to keep track of the shortest path to each node.
The input to the algorithm is a directed graph represented by an adjacency matrix or list, and a start node. The output is a set of edges depicting the shortest path to each reachable node from the start node.
To run the program with the given directed graph starting at node a, we can use the following Prolog code:
</reasoning>
<code>
:- use_module(library(dijkstra)).
:- use_module(library(ordsets)).
:- use_module(library(lists)).
:- use_module(library(pqueue)).

dijkstra_graph :-
    graph([
        (a, [b, c]),
        (b, [d, e]),
        (c, [d]),
        (d, [e]),
        (e, [])
    ]),
    dijkstra(a, Graph).

graph(Edges) :-
    findall((From, To, Weight), member((From, To, Weight), Edges), Edges).

dijkstra(Start, Graph) :-
    dijkstra(Start, Graph, [], []).

dijkstra(Start, Graph, Visited, Shortest) :-
    dijkstra(Start, Graph, Visited, Shortest, []).

dijkstra(Start, Graph, Visited, Shortest, Path) :-
    findall((From, To, Weight), member((From, To, Weight), Graph), Edges),
    findall((From, To, Weight), member((From, To, Weight), Edges), Edges),
    findall((From, To, Weight), member((From, To, Weight), Edges), Edges),
    findall((From, To, Weight), member((From, To, Weight), Edges), Edges),
    findall((From, To, Weight), member((From, To, Weight), Edges), Edges),
    findall((From, To, Weight), member((From, To, Weight), Edges), Edges),
    findall((From, To, Weight), member((From, To, Weight), Edges), Edges),
    findall((From, To, Weight), member((From, To, Weight), Edges), Edges),
    findall((From, To, Weight), member((From, To, Weight), Edges), Edges),
    findall((From, To, Weight), member((From, To, Weight), Edges), Edges),
    findall((From, To, Weight), member((From, To, Weight), Edges), Edges),
    findall((From, To, Weight), member((From, To, Weight), Edges), Edges),
    findall((From, To, Weight), member((From, To, Weight), Edges), Edges),
    findall((From, To, Weight), member((From, To, Weight), Edges), Edges),
    findall((From, To, Weight), member((From, To, Weight), Edges), Edges),
    findall((From, To, Weight), member((From, To, Weight), Edges), Edges),
    findall((From, To, Weight), member((From, To, Weight), Edges), Edges),
    findall((From, To, Weight), member((From, To, Weight), Edges), Edges),
    findall((From, To, Weight), member((From, To, Weight), Edges), Edges),
    findall((From, To, Weight), member((From, To, Weight), Edges), Edges),
    findall((From, To, Weight), member((From, To, Weight), Edges), Edges),
    findall((From, To, Weight), member((From, To, Weight), Edges), Edges),
    findall((From, To, Weight), member((From, To, Weight), Edges), Edges),
    findall((From, To, Weight), member((From, To, Weight), Edges), Edges),
    findall((From, To, Weight), member((From, To, Weight), Edges), Edges),
    findall((From, To, Weight), member((From, To, Weight), Edges), Edges),
    findall((From, To, Weight), member((From, To, Weight), Edges), Edges),
    findall((From, To","<reasoning>
Dijkstra's algorithm is a well-known algorithm for finding the shortest path in a graph with non-negative edge weights. It works by maintaining a priority queue of vertices to be processed, starting from the source vertex. The algorithm iteratively selects the vertex with the smallest tentative distance from the source, updates the distances of its neighbors, and adds them to the priority queue if they have not been processed yet. This process continues until all vertices have been processed.
To implement Dijkstra's algorithm in Prolog, we can use a list to represent the graph, where each element is a pair of vertices and the weight of the edge between them. We can also use a list to keep track of the shortest distances from the source vertex to each vertex.
</reasoning>

<code>
% Define the graph as a list of edges
graph([a-b, a-c, a-d, b-c, b-e, c-d, c-e, d-e]).

% Define the Dijkstra's algorithm
dijkstra(Source, Destinations, Paths) :-
    % Initialize the distance list with infinity for all vertices except the source
    distances = [(_-Inf) | _],
    % Initialize the path list with empty lists for all vertices except the source
    paths = [(_-[]) | _],
    % Set the distance of the source vertex to 0
    distances = [(_-0) | _],
    % Set the path of the source vertex to an empty list
    paths = [(_-[]) | _],
    % Initialize the priority queue with the source vertex
    queue = [Source],
    % Process the priority queue until it is empty
    process_queue(queue, distances, paths, Destinations, Paths).

% Process the priority queue
process_queue([], _, _, _, _).
process_queue([Vertex|Queue], Distances, Paths, Destinations, Paths) :-
    % Get the distance of the current vertex
    distance(Vertex, Distances, Distance),
    % Get the neighbors of the current vertex
    neighbors(Vertex, Graph, Neighbors),
    % Process each neighbor
    process_neighbors(Neighbors, Vertex, Distance, Distances, Paths, Queue, Destinations, Paths).

% Process the neighbors of a vertex
process_neighbors([], _, _, _, _, _, _, _).
process_neighbors([Neighbor|Neighbors], Vertex, Distance, Distances, Paths, Queue, Destinations, Paths) :-
    % Get the weight of the edge between the current vertex and the neighbor
    weight(Vertex, Neighbor, Graph, Weight),
    % Calculate the tentative distance to the neighbor
    tentative_distance = Distance + Weight,
    % Get the current distance to the neighbor
    distance(Neighbor, Distances, CurrentDistance),
    % If the tentative distance is smaller than the current distance, update the distance and path
    if (tentative_distance < CurrentDistance) then (
        % Update the distance
        distances = [(_-tentative_distance) | _],
        % Update the path
        paths = [(_-[Neighbor]) | _],
        % Add the neighbor to the priority queue
        queue = [Neighbor|Queue]
    ),
    % Process the remaining neighbors
    process_neighbors(Neighbors, Vertex, Distance, Distances, Paths, Queue, Destinations, Paths).

% Get the distance of a vertex
distance(Vertex, Distances, Distance) :-
    member((Vertex-Distance), Distances).

% Get the neighbors of a vertex
neighbors(Vertex, Graph, Neighbors) :-
    member((Vertex-Neighbors), Graph).

% Get the weight of an edge
weight(Vertex, Neighbor, Graph, Weight) :-
    member((Vertex-Neighbor-Weight), Graph).
</code>

<query>
go(a,e).
go(a,f).
</query>","<reasoning>
Dijkstra's algorithm is a well-known algorithm for finding the shortest path in a graph with non-negative edge weights. It works by maintaining a priority queue of vertices to be processed, starting from the source vertex. The algorithm iteratively selects the vertex with the smallest tentative distance from the source, updates the distances of its neighbors, and adds them to the priority queue if they have not been processed yet. This process continues until all vertices have been processed.
To implement Dijkstra's algorithm in Prolog, we can use a list to represent the graph, where each element is a pair of vertices and the weight of the edge between them. We can also use a list to keep track of the shortest distances from the source vertex to each vertex.
</reasoning>

<code>
% Define the graph as a list of edges
graph([a-b, a-c, b-d, b-e, c-f, d-e, e-f]).

% Define the Dijkstra's algorithm
dijkstra(Source, Destination, Path) :-
    graph(Graph),
    findall((Vertex, Distance), dijkstra_helper(Source, Graph, Distance, Vertex), Path).

dijkstra_helper(Source, Graph, Distance, Vertex) :-
    dijkstra_helper(Source, Graph, Distance, Vertex, []).

dijkstra_helper(Source, Graph, Distance, Vertex, Path) :-
    (   Vertex = Source,
        Path = []
    ;   findall((Neighbor, Weight), (member((Source, Neighbor, Weight), Graph), not(member(Neighbor, Path))), Edges),
        maplist(dijkstra_update, Edges, Distance, NewDistance),
        findmin(NewDistance, MinDistance, MinVertex),
        dijkstra_helper(Source, Graph, MinDistance, MinVertex, [MinVertex | Path])
    ).

dijkstra_update((Source, Neighbor, Weight), Distance, NewDistance) :-
    NewDistance is min(Distance, Distance + Weight).

findmin([], Min, Min).
findmin([(Vertex, Distance) | Rest], Min, MinVertex) :-
    findmin(Rest, Min, MinVertex),
    (   Distance < Min
    ;   Distance = Min,
        Vertex < MinVertex
    ).

% Define the query
go(a, e).
</code>

<query>
go(a, e).
</query>"
False,"
In information theory and computer science, the Levenshtein distance is a metric for measuring the amount of difference between two sequences (i.e. an edit distance). The Levenshtein distance between two strings is defined as the minimum number of edits needed to transform one string into the other, with the allowable edit operations being insertion, deletion, or substitution of a single character.
Example
The Levenshtein distance between 'kitten' and 'sitting' is 3, since the following three edits change one into the other, and there isn't a way to do it with fewer than three edits:

kitten sitten (substitution of 'k' with 's')
sitten sittin (substitution of 'e' with 'i')
sittin sitting (insert 'g' at the end).

The Levenshtein distance between ""rosettacode"", ""raisethysword"" is 8.
The distance between two strings is same as that when both strings are reversed.

Task

Implements a Levenshtein distance function, or uses a library function, to show the Levenshtein distance between 'kitten' and 'sitting'.

Make a test on: levenshtein(['k', 'i', 't', 't', 'e', 'n'], ['s', 'i', 't', 't', 'i', 'n', 'g'], Distance).",0,0.0,0,0,0,0,"<reasoning>
To implement the Levenshtein distance function in Prolog, we can use dynamic programming. The idea is to build a matrix where each cell (i, j) represents the Levenshtein distance between the first i characters of the first string and the first j characters of the second string. The matrix is filled by considering the three possible edit operations: insertion, deletion, and substitution.

The base cases are:
- If one of the strings is empty, the distance is the length of the other string.
- If the characters at the current positions are the same, the distance is the distance of the substrings without these characters.

The recursive cases are:
- If the characters are different, the distance is 1 plus the minimum of the three possible operations.

Finally, we can use this function to calculate the Levenshtein distance between the two given strings.
</reasoning>

<code>
levenshtein([], [], 0).
levenshtein([], [H|T], N) :- N is 1 + levenshtein([], T, N1), !.
levenshtein([H|T], [], N) :- N is 1 + levenshtein(T, [], N1), !.
levenshtein([H1|T1], [H2|T2], N) :-
    H1 =:= H2,
    N is levenshtein(T1, T2, N1),
    !.
levenshtein([H1|T1], [H2|T2], N) :-
    N is 1 + min(levenshtein(T1, [H2|T2], N1),
                  levenshtein([H1|T1], T2, N2),
                  levenshtein(T1, T2, N3)),
    !.

min(A, B, C) :- A =< B, A =< C, !.
min(A, B, C) :- B =< A, B =< C, !.
min(A, B, C) :- C =< A, C =< B, !.
</code>

<query>
levenshtein(['k', 'i', 't', 't', 'e', 'n'], ['s', 'i', 't', 't', 'i', 'n', 'g'], Distance).
*/","<reasoning>
To implement the Levenshtein distance function in Prolog, we can use dynamic programming. The idea is to build a matrix where each cell (i, j) represents the Levenshtein distance between the first i characters of the first string and the first j characters of the second string. The matrix is filled by considering the three possible edit operations: insertion, deletion, and substitution.

Here's a step-by-step approach to implement this:

1. **Base Cases**: 
   - If one of the strings is empty, the distance is the length of the other string.
   - If both strings are empty, the distance is 0.

2. **Recursive Cases**:
   - If the last characters of both strings are the same, the distance is the distance of the substrings without the last characters.
   - If they are different, the distance is 1 plus the minimum of the distances of the substrings after each possible operation (insertion, deletion, substitution).

3. **Dynamic Programming Table**:
   - We will use a 2D list (or a matrix) to store the distances between substrings.

4. **Backtracking**:
   - To find the actual sequence of edits, we can backtrack from the bottom-right cell of the matrix to the top-left cell.

</reasoning>

<code>
levenshtein([], [], 0).
levenshtein([], [H|T], N) :- N is 1 + levenshtein([], T, N1), !.
levenshtein([H|T], [], N) :- N is 1 + levenshtein(T, [], N1), !.
levenshtein([H1|T1], [H2|T2], N) :-
    H1 =:= H2,
    N is levenshtein(T1, T2, N1),
    !.
levenshtein([H1|T1], [H2|T2], N) :-
    N is 1 + min(min(levenshtein(T1, [H2|T2], N1), levenshtein([H1|T1], T2, N2)), levenshtein(T1, T2, N3)),
    !.

min(A, B, Min) :- A =< B, Min = A, !.
min(A, B, Min) :- A > B, Min = B, !.

% Example usage
levenshtein(['k', 'i', 't', 't', 'e', 'n'], ['s', 'i', 't', 't', 'i', 'n', 'g'], Distance).
</code>

<query>
levenshtein(['k', 'i', 't', 't', 'e', 'n'], ['s', 'i', 't', 't', 'i', 'n', 'g'], Distance).
</query>","<reasoning>
To implement the Levenshtein distance function in Prolog, we can use a dynamic programming approach. The idea is to build a matrix where each cell (i, j) represents the Levenshtein distance between the first i characters of the first string and the first j characters of the second string. The matrix is filled by considering the three possible edit operations: insertion, deletion, and substitution.

The base cases are:
- If one of the strings is empty, the distance is the length of the other string.
- If the characters at the current positions are the same, the distance is the distance of the substrings without these characters.

The recursive cases are:
- If the characters are different, the distance is 1 plus the minimum of the distances of the substrings after each operation.

Finally, we can use this function to calculate the Levenshtein distance between the strings 'kitten' and 'sitting'.
</reasoning>

<code>
levenshtein([], [], 0).
levenshtein([], [H|T], N) :- N is 1 + levenshtein([], T, N).
levenshtein([H|T], [], N) :- N is 1 + levenshtein(T, [], N).
levenshtein([H1|T1], [H2|T2], N) :-
    H1 =:= H2,
    N is levenshtein(T1, T2, N).
levenshtein([H1|T1], [H2|T2], N) :-
    N is 1 + min(
        min(levenshtein(T1, [H2|T2], N), levenshtein([H1|T1], T2, N)),
        levenshtein(T1, T2, N)
    ).
min(X, Y) :- X =< Y, !, X.
min(X, Y) :- Y =< X, !, Y.
</code>

<query>
levenshtein(['k', 'i', 't', 't', 'e', 'n'], ['s', 'i', 't', 't', 'i', 'n', 'g'], Distance).
*/","<reasoning>
To implement the Levenshtein distance function in Prolog, we can use dynamic programming. The idea is to build a matrix where each cell (i, j) represents the Levenshtein distance between the first i characters of the first string and the first j characters of the second string. The matrix is filled by considering the three possible edit operations: insertion, deletion, and substitution.

The base cases are:
- If one of the strings is empty, the distance is the length of the other string.
- If the characters at the current positions are the same, the distance is the distance of the substrings without these characters.

The recursive cases are:
- If the characters are different, the distance is 1 plus the minimum of the distances of the substrings with one character removed from each string.
</reasoning>

<code>
levenshtein([], [], 0).
levenshtein([], [H|T], N) :- N is 1 + levenshtein([], T, N1), !.
levenshtein([H|T], [], N) :- N is 1 + levenshtein(T, [], N1), !.
levenshtein([H1|T1], [H2|T2], N) :- H1 =:= H2, N is levenshtein(T1, T2, N1), !.
levenshtein([H1|T1], [H2|T2], N) :- N is 1 + min(min(levenshtein(T1, [H2|T2]), levenshtein([H1|T1], T2)), levenshtein(T1, T2)).
min(X, Y) :- X =< Y, !, X.
min(X, Y) :- Y =< X, !, Y.
</code>

<query>
levenshtein(['k', 'i', 't', 't', 'e', 'n'], ['s', 'i', 't', 't', 'i', 'n', 'g'], Distance).
*/"
False,"
Solve the eight queens puzzle.
You can extend the problem to solve the puzzle with a board of size NxN.

Make a test on: solution([1/1, 2/5, 3/8, 4/6, 5/3, 6/7, 7/2, 8/4]).",0,0.0,0,0,0,0,"<reasoning>
The eight queens puzzle is a classic problem in computer science and mathematics. The goal is to place eight queens on an 8x8 chessboard such that no two queens threaten each other. This means no two queens can be in the same row, column, or diagonal.

To solve this problem using Prolog, we can use a backtracking approach. We will define a predicate `queens/2` where the first argument is the size of the board and the second argument is a list of queen positions. Each position is represented as a pair of coordinates (row, column).

Here's a step-by-step approach to implement the solution:

1. **Define the board size**: We will use a variable `N` to represent the size of the board.
2. **Define the queen positions**: We will use a list `Queens` to store the positions of the queens.
3. **Check if a position is valid**: We will define a helper predicate `valid/3` to check if a queen can be placed at a given position without threatening any other queens.
4. **Backtracking**: We will use a recursive predicate `solve/2` to try placing queens in different positions and backtrack if necessary.

Let's implement this in Prolog:

<code>
queens(N, Queens) :-
    length(Queens, N),
    solve(N, Queens).

solve(N, Queens) :-
    Queens = [],
    !.
solve(N, Queens) :-
    length(Queens, N),
    findall(Q, valid(N, Queens, Q), Queens).

valid(N, Queens, Q) :-
    member(Q, Queens),
    \+ threatens(Q, Queens).

threatens(Q1, Queens) :-
    member(Q2, Queens),
    row(Q1, R1),
    row(Q2, R2),
    column(Q1, C1),
    column(Q2, C2),
    diagonal(Q1, R1, C1, Q2, R2, C2).

row(Q, R) :-
    Q = R/_.

column(Q, C) :-
    Q = _/C.

diagonal(Q1, R1, C1, Q2, R2, C2) :-
    R1 \= R2,
    C1 \= C2,
    abs(R1 - R2) =:= abs(C1 - C2).
</code>

<query>
queens(8, [1/1, 2/5, 3/8, 4/6, 5/3, 6/7, 7/2, 8/4]).
</query>","<reasoning>
The eight queens puzzle is a classic problem in computer science and mathematics. The goal is to place eight queens on an 8x8 chessboard such that no two queens threaten each other. This means no two queens can be in the same row, column, or diagonal.

To solve this problem using Prolog, we can use a backtracking approach. We will define a predicate `queens/2` where the first argument is the size of the board and the second argument is a list of queen positions. Each position is represented as a pair of coordinates (row, column).

Here's the step-by-step approach to implement this in Prolog:

1. **Define the board size**: We will use a variable `N` to represent the size of the board.
2. **Define the queen positions**: We will use a list `Queens` to store the positions of the queens.
3. **Check for conflicts**: We will define a predicate `conflict/3` to check if two queens threaten each other.
4. **Backtracking**: We will use a recursive predicate `solve/2` to place queens on the board and backtrack if necessary.

Let's implement this in Prolog:
</reasoning>

```prolog
% Define the queens/2 predicate
queens(N, Queens) :-
    length(Queens, N),
    solve(N, Queens).

% Define the solve/2 predicate
solve(N, Queens) :-
    Queens = [Q | Rest],
    valid_position(Q, Queens),
    solve(N, Rest).

% Define the valid_position/2 predicate
valid_position(Q, Queens) :-
    \+ conflict(Q, Queens).

% Define the conflict/3 predicate
conflict(Q1, Q2) :-
    Q1 = Q2,
    !.
conflict(Q1, Q2) :-
    row(Q1, R1),
    row(Q2, R2),
    abs(R1 - R2) =:= abs(column(Q1) - column(Q2)),
    !.
conflict(Q1, Q2) :-
    row(Q1, R1),
    column(Q1) =:= column(Q2),
    !.
conflict(Q1, Q2) :-
    column(Q1) =:= column(Q2),
    row(Q1) =:= row(Q2),
    !.

% Helper predicates to extract row and column from a queen position
row(Q, R) :-
    Q = R/_, !.
column(Q, C) :-
    Q = _, C.
```

<query>
solution([1/1, 2/5, 3/8, 4/6, 5/3, 6/7, 7/2, 8/4]).
</query>","<reasoning>
The eight queens puzzle is a classic problem in computer science and mathematics. The goal is to place eight queens on an 8x8 chessboard such that no two queens threaten each other. This means no two queens can be in the same row, column, or diagonal.

To solve this problem using Prolog, we can use a backtracking approach. We will define a predicate `queens/2` where the first argument is the size of the board and the second argument is a list of queen positions. Each position is represented as a pair of coordinates (row, column).

Here's a step-by-step approach to implement the solution:

1. **Define the predicate `queens/2`:** This predicate will take the board size and a list of queen positions as arguments.

2. **Check for conflicts:** We need to ensure that no two queens are in the same row, column, or diagonal. We can do this by checking each pair of queens and ensuring that their positions do not violate these conditions.

3. **Backtracking:** If a position is valid, we recursively place the next queen. If it is not valid, we backtrack and try a different position.

4. **Base case:** If all queens are placed successfully, we have found a solution.

5. **Test the solution:** We will test the solution with the given input `[1/1, 2/5, 3/8, 4/6, 5/3, 6/7, 7/2, 8/4]`.

</reasoning>

<code>
queens(N, Queens) :-
    length(Queens, N),
    queens_helper(N, Queens, 1).

queens_helper(N, Queens, Row) :-
    Row > N,
    !.

queens_helper(N, Queens, Row) :-
    findall(Col, (between(1, N, Col), not(conflict(Queens, Row, Col))), Columns),
    member(Col, Columns),
    append(Queens, [Row/Col], NewQueens),
    queens_helper(N, NewQueens, Row + 1).

conflict(Queens, Row1, Col1) :-
    member(Row2/Col2, Queens),
    Row1 = Row2;
    abs(Row1 - Row2) =:= abs(Col1 - Col2).
</code>

<query>
queens(8, [1/1, 2/5, 3/8, 4/6, 5/3, 6/7, 7/2, 8/4]).
</query>","<reasoning>
The eight queens puzzle is a classic problem in computer science and mathematics. The goal is to place eight queens on an 8x8 chessboard such that no two queens threaten each other. This means no two queens can be in the same row, column, or diagonal.

To solve this problem using Prolog, we can use a backtracking approach. We will define a predicate `queens/2` where the first argument is the size of the board and the second argument is a list of queen positions. Each position is represented as a pair of coordinates (row, column).

Here's a step-by-step approach to implement the solution:

1. **Define the predicate `queens/2`:** This predicate will take the board size and a list of queen positions as arguments.

2. **Check if a position is valid:** A position (row, column) is valid if no other queen is in the same row, column, or diagonal.

3. **Backtracking:** Use recursion to try placing queens in different positions and backtrack if a position is invalid.

4. **Base case:** If all queens are placed, the solution is found.

5. **Test the solution:** Use the provided test case to verify the solution.

</reasoning>

<code>
queens(N, Queens) :-
    length(Queens, N),
    queens_helper(N, Queens, 1).

queens_helper(N, Queens, Row) :-
    Row > N,
    !,
    Queens = [].

queens_helper(N, Queens, Row) :-
    between(1, N, Column),
    \+ threatens(Queens, Row, Column),
    queens_helper(N, [Column|Queens], Row + 1).

threatens([], _, _).
threatens([Row1-Column1|Rest], Row2, Column2) :-
    Row1 = Row2,
    !,
    fail.
threatens([Row1-Column1|Rest], Row2, Column2) :-
    abs(Row1 - Row2) =:= abs(Column1 - Column2),
    !,
    fail.
threatens([_|Rest], Row, Column).
</code>

<query>
queens(8, [1/1, 2/5, 3/8, 4/6, 5/3, 6/7, 7/2, 8/4]).
</query>"
False,"The Ackermann function is a classic example of a recursive function, notable especially because it is not a primitive recursive function. It grows very quickly in value, as does the size of its call tree.
The Ackermann function is usually defined as follows:
{\displaystyle A(m,n)={\begin{cases}n+1&{\mbox{if }}m=0\\A(m-1,1)&{\mbox{if }}m>0{\mbox{ and }}n=0\\A(m-1,A(m,n-1))&{\mbox{if }}m>0{\mbox{ and }}n>0.\end{cases}}}
Its arguments are never negative and it always terminates.

Task

Write a function which returns the value of A(m,n). Arbitrary precision is preferred (since the function grows so quickly), but not required.
Make a test on: ack(3, 1, Result).",0,0.0,0,0,0,0,"<reasoning>
The Ackermann function is a well-known recursive function that grows extremely quickly. It is defined in a way that it is not primitive recursive, meaning it cannot be expressed using only basic operations like addition, multiplication, and recursion. The function is defined as follows:

\[
A(m,n) = 
\begin{cases} 
n+1 & \text{if } m = 0 \\
A(m-1,1) & \text{if } m > 0 \text{ and } n = 0 \\
A(m-1,A(m,n-1)) & \text{if } m > 0 \text{ and } n > 0 
\end{cases}
\]

To implement this function in Prolog, we need to define a recursive predicate that matches the given cases. We will use a simple recursive approach to compute the value of the Ackermann function.
</reasoning>

<code>
ack(0, N, N).
ack(M, 0, 1).
ack(M, N, Result) :-
    M > 0,
    N > 0,
    M1 is M - 1,
    N1 is N - 1,
    ack(M1, N1, Result1),
    ack(M1, Result1, Result).
</code>

<query>
ack(3, 1, Result).
</query>","<reasoning>
The Ackermann function is a well-known recursive function that grows extremely quickly. It is defined in a way that it is not primitive recursive, meaning it cannot be expressed using only basic operations like addition, multiplication, and recursion. The function is typically defined as follows:

\[
A(m,n) = 
\begin{cases} 
n+1 & \text{if } m = 0 \\
A(m-1,1) & \text{if } m > 0 \text{ and } n = 0 \\
A(m-1,A(m,n-1)) & \text{if } m > 0 \text{ and } n > 0 
\end{cases}
\]

To implement this function in Prolog, we need to define a recursive predicate that matches the given cases. We will use a simple Prolog predicate to achieve this.
</reasoning>

<code>
ack(0, N, N).
ack(M, 0, 1).
ack(M, N, Result) :-
    M > 0,
    N > 0,
    M1 is M - 1,
    N1 is N - 1,
    ack(M1, N1, Result1),
    ack(M1, Result1, Result).
</code>

<query>
ack(3, 1, Result).
</query>","<reasoning>
The Ackermann function is a well-known recursive function that grows extremely quickly. It is often used to demonstrate the power of recursion and to illustrate the concept of primitive recursion. The function is defined as follows:

\[
A(m,n) = 
\begin{cases} 
n+1 & \text{if } m = 0 \\
A(m-1,1) & \text{if } m > 0 \text{ and } n = 0 \\
A(m-1,A(m,n-1)) & \text{if } m > 0 \text{ and } n > 0 
\end{cases}
\]

To implement this function in Prolog, we need to define a recursive predicate that matches the given cases. We will use Prolog's built-in arithmetic capabilities to handle the recursive calls and the base cases.
</reasoning>

<code>
ack(0, N, N).
ack(M, 0, 1).
ack(M, N, Result) :-
    M > 0,
    N > 0,
    M1 is M - 1,
    N1 is N - 1,
    ack(M1, N1, Result1),
    Result is ack(M1, Result1).
</code>

<query>
ack(3, 1, Result).
</query>","<reasoning>
The Ackermann function is a well-known recursive function that grows extremely quickly. It is defined in a way that it is not primitive recursive, meaning it cannot be expressed using only basic operations like addition, multiplication, and recursion. The function is defined as follows:

\[
A(m,n) = 
\begin{cases} 
n+1 & \text{if } m = 0 \\
A(m-1,1) & \text{if } m > 0 \text{ and } n = 0 \\
A(m-1,A(m,n-1)) & \text{if } m > 0 \text{ and } n > 0 
\end{cases}
\]

To implement this function in Prolog, we need to define a recursive predicate that matches the given cases. We will use a simple Prolog predicate to achieve this.
</reasoning>

<code>
ack(0, N, N).
ack(M, 0, 1).
ack(M, N, Result) :-
    M > 0,
    N > 0,
    M1 is M - 1,
    N1 is N - 1,
    ack(M1, N1, Result1),
    ack(M1, Result1, Result).
</code>

<query>
ack(3, 1, Result).
</query>"
False,"Task:

Generate a string with N opening brackets [ and with N closing brackets ], in some arbitrary order. 
Determine whether the generated string is balanced; that is, whether it consists entirely of pairs of opening/closing brackets (in that order), none of which mis-nest.

Examples

   (empty)      OK
   []           OK   
   [][]         OK   
   [[][]]       OK 
   ][         NOT OK
   ][][       NOT OK
   []][[]     NOT OK

Make a test on: test_brackets(""({[]})"").",0,0.0,0,0,0,0,"<reasoning>
To solve this problem, we need to generate a string with N opening brackets `[` and N closing brackets `]` in some arbitrary order and then determine if the string is balanced. A balanced string means that every opening bracket has a corresponding closing bracket in the correct order.

Here's a step-by-step approach to implement this in Prolog:

1. **Generate the String**: We can generate the string by randomly placing N opening brackets and N closing brackets. This can be done using a list comprehension or a recursive approach.

2. **Check for Balance**: To check if a string is balanced, we can use a stack-like approach. We iterate through the string and use a counter to keep track of the balance. For each opening bracket `[`, we increment the counter, and for each closing bracket `]`, we decrement the counter. If at any point the counter becomes negative, the string is not balanced. At the end, the counter should be zero for the string to be balanced.

3. **Test the Function**: We will test the function with the given example `test_brackets(""({[]})"")`.

</reasoning>

<code>
:- use_module(library(random)).

% Generate a string with N opening and N closing brackets
generate_brackets(N, String) :-
    length(String, 2*N),
    append(List1, List2, String),
    maplist(balanced_bracket, List1, List2).

balanced_bracket([Open], [Close]) :-
    Open = '[',
    Close = ']'.

% Check if a string is balanced
is_balanced(String) :-
    length(String, Length),
    Length is 2*N,
    generate_brackets(N, String),
    check_balance(String).

check_balance([]).
check_balance([Open|Rest]) :-
    Open = '[',
    check_balance(Rest).
check_balance([Close|Rest]) :-
    Close = ']',
    check_balance(Rest).

% Test the function
test_brackets(String) :-
    is_balanced(String),
    write('The string is balanced.'), nl.
</code>

<query>
test_brackets(""({[]})"").
</query>","<reasoning>
To solve this problem, we need to generate a string with N opening brackets `[` and N closing brackets `]` in some arbitrary order and then determine if the string is balanced. A string is balanced if every opening bracket has a corresponding closing bracket in the correct order.

Here's a step-by-step approach to implement this in Prolog:

1. **Generate the String**: We can generate a string with N opening brackets and N closing brackets by using a list comprehension or recursion. For simplicity, we'll use a recursive approach.

2. **Check for Balance**: We can use a stack-like approach to check if the string is balanced. We'll iterate through the string and use a counter to keep track of the balance. If at any point the counter becomes negative, it means there are more closing brackets than opening brackets up to that point, and the string is not balanced.

3. **Test the Function**: Finally, we'll test the function with the given example `test_brackets(""({[]})"")`.

</reasoning>

```prolog
% Generate a string with N opening and N closing brackets
generate_brackets(N, String) :-
    generate_brackets(N, N, [], String).

generate_brackets(0, 0, Acc, Acc).
generate_brackets(0, N, Acc, String) :-
    generate_brackets(0, N-1, [']' | Acc], String).
generate_brackets(N, 0, Acc, String) :-
    generate_brackets(N-1, 0, ['[' | Acc], String).
generate_brackets(N, N, Acc, String) :-
    generate_brackets(N-1, N-1, ['[' | Acc], String).

% Check if a string is balanced
is_balanced(String) :-
    check_balance(String, 0).

check_balance([], 0).
check_balance([X | Rest], Balance) :-
    (   X = '['
    ->  Balance1 is Balance + 1
    ;   X = ']'
    ->  Balance1 is Balance - 1
    ),
    Balance1 >= 0,
    check_balance(Rest, Balance1).

% Test the function
test_brackets(String) :-
    generate_brackets(3, String),
    write(String), nl,
    write(is_balanced(String)), nl.
```

<query>
test_brackets(""({[]})"")
</query>","<reasoning>
To solve this problem, we need to generate a string with N opening brackets `[` and N closing brackets `]` in some arbitrary order and then determine if the string is balanced. A string is balanced if every opening bracket has a corresponding closing bracket in the correct order.

Here's a step-by-step approach to implement this in Prolog:

1. **Generate the String**: We can generate the string by randomly placing N opening brackets and N closing brackets. This can be done using a list comprehension or recursion.

2. **Check for Balance**: We need to check if the generated string is balanced. A string is balanced if for every opening bracket `[`, there is a corresponding closing bracket `]` in the correct order.

3. **Test the Function**: We will test the function with the given example `test_brackets(""({[]})"")`.

</reasoning>

<code>
:- use_module(library(random)).

% Generate a string with N opening and N closing brackets
generate_brackets(N, String) :-
    length(String, 2*N),
    append(Open, Close, String),
    maplist(open_bracket, Open),
    maplist(close_bracket, Close).

% Check if a string is balanced
is_balanced(String) :-
    open_bracket_count(String, 0, Balanced),
    Balanced =:= 0.

% Helper predicate to count open brackets
open_bracket_count([], Count, Count).
open_bracket_count([open_bracket|Rest], Count, Balanced) :-
    open_bracket_count(Rest, Count + 1, Balanced).
open_bracket_count([close_bracket|Rest], Count, Balanced) :-
    Count > 0,
    open_bracket_count(Rest, Count - 1, Balanced).

% Helper predicate to generate an open bracket
open_bracket(open_bracket).

% Helper predicate to generate a close bracket
close_bracket(close_bracket).

% Test the function
test_brackets(String) :-
    generate_brackets(3, String),
    write(String), nl,
    write(is_balanced(String)), nl.
</code>

<query>
test_brackets(""({[]})"").
</query>","<reasoning>
To solve this problem, we need to generate a string with N opening brackets `[` and N closing brackets `]` in some arbitrary order and then determine if the string is balanced. A string is balanced if every opening bracket has a corresponding closing bracket in the correct order.

Here's a step-by-step approach to implement this in Prolog:

1. **Generate the String**: We can generate the string by randomly placing N opening brackets and N closing brackets. This can be done using a list comprehension or by generating a random permutation of the brackets.

2. **Check for Balance**: We need to check if the generated string is balanced. A string is balanced if for every opening bracket `[`, there is a corresponding closing bracket `]` in the correct order.

3. **Test the Function**: We will test the function with the example `test_brackets(""({[]})"")`.

</reasoning>

<code>
% Function to generate a balanced string of brackets
generate_balanced_string(N, String) :-
    length(String, 2*N),
    append(Open, Close, String),
    length(Open, N),
    length(Close, N),
    open_close_match(Open, Close).

% Helper predicate to check if the brackets match
open_close_match([], []).
open_close_match([O|Os], [C|Cs]) :-
    O = '[',
    C = ']',
    open_close_match(Os, Cs).

% Test the function
test_brackets(String) :-
    generate_balanced_string(3, String),
    write(String), nl,
    write('Is balanced: '), write(is_balanced(String)), nl.

% Predicate to check if a string is balanced
is_balanced(String) :-
    open_close_match(String, []).
</code>

<query>
test_brackets(""({[]})"")
</query>"
False,"
Task
Problem: you have a standard 8x8 chessboard, empty but for a single knight on some square. Your task is to emit a series of legal knight moves that result in the knight visiting every square on the chessboard exactly once. Note that it is not a requirement that the tour be ""closed""; that is, the knight need not end within a single move of its start position.
Input and output may be textual or graphical, according to the conventions of the programming environment. If textual, squares should be indicated in algebraic notation. The output should indicate the order in which the knight visits the squares, starting with the initial position. The form of the output may be a diagram of the board with the squares numbered according to visitation sequence, or a textual list of algebraic coordinates in order, or even an actual animation of the knight moving around the chessboard.
Input: starting square
Output: move sequence
Make a test on: knight(3, Solution).",0,0.0,0,0,0,0,"<reasoning>
To solve this problem, we need to find a sequence of knight moves that visits every square on an 8x8 chessboard exactly once, starting from a given square. This is known as a knight's tour. The knight's tour is a classic problem in computer science and combinatorial mathematics.

The solution involves using a backtracking algorithm to explore all possible paths the knight can take while ensuring that each square is visited exactly once. We will use Prolog to implement this algorithm.

Here's a step-by-step approach to solving the problem:

1. **Define the chessboard**: We will represent the chessboard as a 2D list where each element is a square. We will use a list of lists to store the board.

2. **Define the knight's moves**: The knight can move in 8 possible directions: two steps in one direction and one step in a perpendicular direction. We will define these moves as a list of tuples.

3. **Backtracking algorithm**: We will use a recursive backtracking algorithm to explore all possible paths. The algorithm will start from the given square and try to move the knight to an unvisited square. If it reaches a dead end, it will backtrack and try a different move.

4. **Check for validity**: Before moving the knight, we need to check if the move is within the bounds of the board and if the square is unvisited.

5. **Output the solution**: Once a valid path is found, we will output the sequence of moves.

</reasoning>

<code>
:- dynamic visited/1.

knight(X, Y, Solution) :-
    board(Board),
    init_visited(Board),
    knight_move(X, Y, Board, Solution).

knight_move(X, Y, Board, Solution) :-
    move(X, Y, NewX, NewY),
    \+ visited(NewX, NewY),
    set_visited(NewX, NewY),
    knight_move(NewX, NewY, Board, Solution).

knight_move(X, Y, Board, Solution) :-
    move(X, Y, NewX, NewY),
    visited(NewX, NewY),
    move(X, Y, NewX2, NewY2),
    \+ visited(NewX2, NewY2),
    set_visited(NewX2, NewY2),
    knight_move(NewX2, NewY2, Board, Solution).

move(X, Y, NewX, NewY) :-
    X1 is X + 2,
    Y1 is Y + 1,
    within_bounds(X1, Y1),
    NewX is X1, NewY is Y1.

move(X, Y, NewX, NewY) :-
    X1 is X + 2,
    Y1 is Y - 1,
    within_bounds(X1, Y1),
    NewX is X1, NewY is Y1.

move(X, Y, NewX, NewY) :-
    X1 is X - 2,
    Y1 is Y + 1,
    within_bounds(X1, Y1),
    NewX is X1, NewY is Y1.

move(X, Y, NewX, NewY) :-
    X1 is X - 2,
    Y1 is Y - 1,
    within_bounds(X1, Y1),
    NewX is X1, NewY is Y1.

move(X, Y, NewX, NewY) :-
    X1 is X + 1,
    Y1 is Y + 2,
    within_bounds(X1, Y1),
    NewX is X1, NewY is Y1.

move(X, Y, NewX, NewY) :-
    X1 is X + 1,
    Y1 is Y - 2,
    within_bounds(X1, Y1),
    NewX is X1, NewY is Y1.

move(X, Y, NewX, NewY) :-
    X1 is X - 1,
    Y1 is Y + 2,
    within_bounds(X1, Y1),
    NewX is X1, NewY is Y1.

move(X, Y, NewX, NewY) :-
    X1 is X - 1,
    Y1 is Y - 2,
    within_bounds(X1, Y1),
    NewX is X1, NewY is Y1.

within_bounds(X, Y) :-
    X >= 1,
    X =< 8,
    Y >= 1,
    Y =< 8.

init_visited(Board) :-
    length(Board, 8),
    maplist(init_row, Board).

init_row(Row) :-
    length(Row, 8),
    maplist((=, false), Row).

set_visited(X, Y) :-
    visited(X, Y),
    retract(visited(X, Y)),
    assert(visited(X, Y)).

board(Board) :-
    length(Board, 8","<reasoning>
To solve this problem, we need to find a sequence of knight moves that visits every square on an 8x8 chessboard exactly once, starting from a given square. This is a classic problem known as the Knight's Tour. The solution involves backtracking, where we try to place the knight on each square and recursively attempt to fill the rest of the board. If we reach a point where no valid move can be made, we backtrack and try a different path.
</reasoning>

```prolog
% Define the knight's possible moves
knight_moves([(-2, 1), (-1, 2), (1, 2), (2, 1), (2, -1), (1, -2), (-1, -2), (-2, -1)]).

% Define the knight's position on the board
knight(X, Y).

% Define the goal of the knight's tour
knight_tour([X, Y]) :-
    knight(X, Y),
    knight_tour_helper([X, Y], [], []).

% Helper predicate to perform the knight's tour
knight_tour_helper([X, Y], Visited, Path) :-
    knight_moves(Moves),
    findall([X1, Y1], (member([DX, DY], Moves), X1 is X + DX, Y1 is Y + DY, not(member([X1, Y1], Visited))), NewMoves),
    (   NewMoves = []
    ->  reverse(Path, Solution), write(Solution), nl
    ;   member([X1, Y1], NewMoves),
        knight_tour_helper([X1, Y1], [X1, Y1] | Visited, [X1, Y1] | Path)
    ).

% Test the solution with knight(3, Solution)
```

<query>
knight(3, Solution).
</query>","<reasoning>
To solve this problem, we need to find a sequence of knight moves that visits every square on an 8x8 chessboard exactly once, starting from a given square. This is a classic problem known as the Knight's Tour. The solution involves exploring all possible moves from the starting square and ensuring that each square is visited only once.

We will use a backtracking approach to solve this problem. The idea is to recursively try all possible moves from the current position, and if a move leads to a valid tour, we continue. If a move leads to a dead end, we backtrack and try the next possible move.

Here's the step-by-step approach:

1. Define the possible moves of a knight on a chessboard.
2. Use a recursive function to explore all possible moves.
3. Keep track of visited squares to ensure each square is visited exactly once.
4. If a complete tour is found, return the sequence of moves.
5. If no tour is found, backtrack and try the next possible move.

</reasoning>

<code>
:- dynamic visited/1.

knight(X, Y, Solution) :-
    knight(X, Y, [], Solution).

knight(X, Y, Visited, Solution) :-
    findall([X1, Y1], (possible_move(X, Y, X1, Y1), not(member([X1, Y1], Visited))), Moves),
    member([X1, Y1], Moves),
    knight(X1, Y1, [X, Y | Visited], Solution).

possible_move(X, Y, X1, Y1) :-
    X1 is X + 2,
    Y1 is Y + 1;
    X1 is X + 2,
    Y1 is Y - 1;
    X1 is X - 2,
    Y1 is Y + 1;
    X1 is X - 2,
    Y1 is Y - 1;
    X1 is X + 1,
    Y1 is Y + 2;
    X1 is X + 1,
    Y1 is Y - 2;
    X1 is X - 1,
    Y1 is Y + 2;
    X1 is X - 1,
    Y1 is Y - 2.

% Example query
knight(3, Solution).
</code>

<query>
knight(3, Solution).
</query>","<reasoning>
To solve this problem, we need to find a sequence of knight moves that visits every square on an 8x8 chessboard exactly once, starting from a given square. This is known as a knight's tour. The knight moves in an L-shape: two squares in one direction and one square perpendicular to that direction. The goal is to ensure that the knight visits each square exactly once without revisiting any square.

The solution involves using a backtracking algorithm to explore all possible paths starting from the given square. We will keep track of visited squares and ensure that each move is valid (i.e., it does not revisit a square or move off the board).

Here's a high-quality Prolog solution to achieve this:

```prolog
% Define the knight's possible moves
knight_moves([(-2, 1), (-1, 2), (1, 2), (2, 1), (2, -1), (1, -2), (-1, -2), (-2, -1)]).

% Define the chessboard size
board_size(8).

% Define the knight's position
knight(X, Y).

% Define the visited squares
visited([]).

% Define the move sequence
solution([]).

% Define the knight's tour
knight_tour(X, Y, Solution) :-
    knight_moves(Moves),
    knight_tour_helper(X, Y, Moves, visited([X, Y]), Solution).

% Helper predicate for knight's tour
knight_tour_helper(X, Y, Moves, Visited, Solution) :-
    length(Visited, 64),
    Solution = Visited,
    !.
knight_tour_helper(X, Y, Moves, Visited, Solution) :-
    knight_moves(Moves),
    findall([NX, NY], (member([DX, DY], Moves), NX is X + DX, NY is Y + DY, not(member([NX, NY], Visited))), NewMoves),
    knight_tour_helper(NX, NY, NewMoves, [X, Y | Visited], Solution).

% Test the solution
knight(3, Solution).
```

<code>
```

</code>
<query>
knight(3, Solution).
```"
True,"
Sorting Algorithm
This is a sorting algorithm. It may be applied to a set of data in order to sort it.
The merge sort is a recursive sort of order n*log(n). 
It is notable for having a worst case and average complexity of O(n*log(n)), and a best case complexity of O(n) (for pre-sorted input).
The basic idea is to split the collection into smaller groups by halving it until the groups only have one element or no elements (which are both entirely sorted groups).
Then merge the groups back together so that their elements are in order.
This is how the algorithm gets its divide and conquer description.

Task

Write a function to sort a collection of integers using the merge sort.
The merge sort algorithm comes in two parts: a sort function and a merge function 
Note: better performance can be expected if, rather than recursing until length(m) ≤ 1, an insertion sort is used for length(m) smaller than some threshold larger than 1.

Make a test on: msort([3,1,4,2], Sorted).",1,0.25,0,0,1,0,"<reasoning>
The task is to implement the merge sort algorithm in Prolog. Merge sort is a divide-and-conquer algorithm that recursively divides the input list into two halves, sorts each half, and then merges the sorted halves back together. The algorithm is efficient with a time complexity of O(n log n) in all cases.
</reasoning>

<code>
merge([], [], []).
merge([X|Xs], [Y|Ys], [X|Zs]) :-
    X =< Y,
    merge(Xs, Ys, Zs).
merge([X|Xs], [Y|Ys], [Y|Zs]) :-
    X > Y,
    merge(Xs, Ys, Zs).

msort([], []).
msort([X], [X]).
msort(List, Sorted) :-
    length(List, Len),
    Len > 1,
    split(List, L1, L2),
    msort(L1, Sorted1),
    msort(L2, Sorted2),
    merge(Sorted1, Sorted2, Sorted).
split([], [], []).
split([X], [X], []).
split([X, Y|Xs], [X|L1], [Y|L2]) :-
    split(Xs, L1, L2).
</code>

<query>
msort([3,1,4,2], Sorted).
</query>","<reasoning>
The task is to implement the merge sort algorithm in Prolog. Merge sort is a divide-and-conquer algorithm that recursively splits the input list into halves, sorts each half, and then merges the sorted halves back together. The algorithm is efficient with a time complexity of O(n log n) in all cases. To improve performance, an insertion sort can be used for small sublists, which is a common optimization for small inputs.
</reasoning>

<code>
% Base case: if the list is empty or has one element, it is already sorted
msort([], Sorted) :- Sorted = [].
msort([X], Sorted) :- Sorted = [X].

% Recursive case: split the list into two halves, sort each half, and merge them
msort(List, Sorted) :-
    split(List, Left, Right),
    msort(Left, SortedLeft),
    msort(Right, SortedRight),
    merge(SortedLeft, SortedRight, Sorted).

% Split the list into two halves
split([], [], []).
split([X], [X], []).
split([X, Y | Rest], [X | Left], [Y | Right]) :-
    split(Rest, Left, Right).

% Merge two sorted lists into one sorted list
merge([], Sorted, Sorted).
merge([], Right, Right).
merge([X | Left], [], [X | Left]).
merge([X | Left], [Y | Right], [X | Sorted]) :-
    X =< Y,
    merge(Left, Right, Sorted).
merge([X | Left], [Y | Right], [Y | Sorted]) :-
    X > Y,
    merge(Left, Right, Sorted).
</code>

<query>
msort([3,1,4,2], Sorted).
</query>","<reasoning>
The task is to implement the merge sort algorithm in Prolog. Merge sort is a divide-and-conquer algorithm that recursively divides the input list into two halves, sorts each half, and then merges the sorted halves back together. The algorithm is efficient with a time complexity of O(n log n) in all cases.
</reasoning>

<code>
merge([], [], []).
merge([X|Xs], [Y|Ys], [X|Zs]) :-
    X =< Y,
    merge(Xs, Ys, Zs).
merge([X|Xs], [Y|Ys], [Y|Zs]) :-
    X > Y,
    merge(Xs, Ys, Zs).

merge_sort([], []).
merge_sort([X], [X]).
merge_sort(List, Sorted) :-
    length(List, N),
    N > 1,
    split(List, L1, L2),
    merge_sort(L1, Sorted1),
    merge_sort(L2, Sorted2),
    merge(Sorted1, Sorted2, Sorted).

split([], [], []).
split([X], [X], []).
split([X, Y|Xs], [X|L1], [Y|L2]) :-
    split(Xs, L1, L2).
</code>

<query>
msort([3,1,4,2], Sorted).
</query>","<reasoning>
The task is to implement the merge sort algorithm in Prolog. Merge sort is a divide-and-conquer algorithm that recursively splits the input list into halves, sorts each half, and then merges the sorted halves back together. The algorithm is efficient with a time complexity of O(n log n) in all cases. To improve performance, an insertion sort can be used for small sublists, which reduces the overhead of recursive calls.
</reasoning>

<code>
merge([], [], []).
merge([X|Xs], [Y|Ys], [X|Zs]) :-
    X =< Y,
    merge(Xs, Ys, Zs).
merge([X|Xs], [Y|Ys], [Y|Zs]) :-
    X > Y,
    merge(Xs, Ys, Zs).

msort([], Sorted) :-
    Sorted = [].
msort([X], Sorted) :-
    Sorted = [X].
msort(List, Sorted) :-
    length(List, N),
    N > 1,
    split(List, L1, L2),
    msort(L1, Sorted1),
    msort(L2, Sorted2),
    merge(Sorted1, Sorted2, Sorted).
split([], [], []).
split([X], [X], []).
split([X, Y|Xs], [X|L1], [Y|L2]) :-
    split(Xs, L1, L2).
</code>

<query>
msort([3,1,4,2], Sorted).
</query>"
False,"Task
Create a function that takes a Roman numeral as its argument and returns its value as a numeric decimal integer.
You don't need to validate the form of the Roman numeral.
Modern Roman numerals are written by expressing each decimal digit of the number to be encoded separately,
starting with the leftmost decimal digit and skipping any 0s (zeroes).
1990 is rendered as MCMXC (1000 = M, 900 = CM, 90 = XC) and 2008 is rendered as MMVIII (2000 = MM, 8 = VIII).
The Roman numeral for 1666, MDCLXVI, uses each letter in descending order.

Make a test on: decode_string(mcmxc, 1990)",0,0.0,0,0,0,0,"<reasoning>
To solve this problem, we need to create a Prolog function that converts a Roman numeral string into its corresponding decimal integer. The Roman numeral system uses specific symbols to represent numbers, and we need to map these symbols to their integer values. The function will iterate through the string, subtracting values when a smaller numeral follows a larger one (e.g., IV for 4) and adding values otherwise.
</reasoning>

<code>
% Define a predicate to decode a Roman numeral string to a decimal integer
decode_string(Roman, Decimal) :-
    string_to_list(Roman, List),
    decode_list(List, Decimal).

% Helper predicate to decode a list of Roman numeral symbols to a decimal integer
decode_list([], 0).
decode_list([H|T], Decimal) :-
    roman_to_value(H, Value),
    decode_list(T, Remaining),
    Decimal is Value + Remaining.

% Predicate to convert a Roman numeral symbol to its integer value
roman_to_value('I', 1).
roman_to_value('V', 5).
roman_to_value('X', 10).
roman_to_value('L', 50).
roman_to_value('C', 100).
roman_to_value('D', 500).
roman_to_value('M', 1000).
</code>

<query>
decode_string(mcmxc, 1990).
</query>","<reasoning>
To solve this problem, we need to create a Prolog function that converts a Roman numeral string into its corresponding decimal integer. The Roman numeral system uses specific symbols to represent numbers, and we need to map these symbols to their integer values. The function will iterate through the string, subtracting values when a smaller numeral follows a larger one (e.g., IV for 4) and adding values otherwise.
</reasoning>

<code>
% Define a predicate to decode a Roman numeral string to a decimal integer
decode_string(Roman, Decimal) :-
    string_to_list(Roman, List),
    decode_list(List, Decimal, 0).

% Helper predicate to decode a list of Roman numeral symbols
decode_list([], Decimal, Decimal).
decode_list([Symbol | Rest], Decimal, Accumulated) :-
    symbol_value(Symbol, Value),
    (   Accumulated >= Value
    ->  NewAccumulated is Accumulated - Value
    ;   NewAccumulated is Accumulated + Value
    ),
    decode_list(Rest, Decimal, NewAccumulated).

% Predicate to get the value of a Roman numeral symbol
symbol_value('I', 1).
symbol_value('V', 5).
symbol_value('X', 10).
symbol_value('L', 50).
symbol_value('C', 100).
symbol_value('D', 500).
symbol_value('M', 1000).
</code>

<query>
decode_string(mcmxc, 1990).
</query>","<reasoning>
To solve this problem, we need to create a Prolog function that converts a Roman numeral string into its corresponding decimal integer. The Roman numeral system uses specific symbols to represent numbers, and we need to map these symbols to their integer values. The function will iterate through the string, subtracting values when a smaller symbol follows a larger one (e.g., IV for 4) and adding values otherwise.
</reasoning>

<code>
% Define a predicate to decode a Roman numeral string to a decimal integer
decode_string(Roman, Decimal) :-
    string_to_list(Roman, List),
    decode_list(List, Decimal).

% Helper predicate to decode a list of Roman numeral symbols to a decimal integer
decode_list([], 0).
decode_list([Symbol | Rest], Decimal) :-
    symbol_value(Symbol, Value),
    decode_list(Rest, RestDecimal),
    Decimal is RestDecimal + Value.

% Predicate to get the value of a Roman numeral symbol
symbol_value('I', 1).
symbol_value('V', 5).
symbol_value('X', 10).
symbol_value('L', 50).
symbol_value('C', 100).
symbol_value('D', 500).
symbol_value('M', 1000).
</code>

<query>
decode_string(mcmxc, 1990).
</query>","<reasoning>
To solve this problem, we need to create a Prolog function that maps Roman numerals to their corresponding decimal integer values. The Roman numeral system uses a combination of letters to represent numbers, with specific rules for combining them. The key is to understand the subtractive notation, where a smaller numeral placed before a larger numeral means subtraction.

Here's a step-by-step approach to implement the solution:

1. **Define the Roman numeral symbols and their corresponding values**: We'll create a list of tuples where each tuple contains a Roman numeral symbol and its integer value.

2. **Implement the decoding function**: The function will iterate through the list of Roman numeral symbols, checking if the current symbol can be subtracted from the next symbol. If it can, it will subtract the value of the current symbol from the total. Otherwise, it will add the value of the current symbol to the total.

3. **Handle the edge case**: Since the Roman numeral system uses descending order, we can simply iterate through the list from left to right, adding the values of the symbols.

4. **Test the function**: We'll test the function with the given example to ensure it works correctly.

</reasoning>

<code>
% Define the Roman numeral symbols and their corresponding values
roman_values([('M', 1000), ('CM', 900), ('D', 500), ('CD', 400),
              ('C', 100), ('XC', 90), ('L', 50), ('XL', 40),
              ('X', 10), ('IX', 9), ('V', 5), ('IV', 4), ('I', 1)]).

% Function to decode a Roman numeral string to a decimal integer
decode_string(Roman, Decimal) :-
    roman_values(Values),
    decode_string(Roman, Values, 0, Decimal).

decode_string([], _, Total, Total).
decode_string([Symbol | Rest], Values, Total, Decimal) :-
    findall(Value, (member((Symbol, Value), Values), Value > Total), [Value]),
    NewTotal is Total + Value,
    decode_string(Rest, Values, NewTotal, Decimal).
</code>

<query>
decode_string(mcmxc, 1990).
</query>"
False,"
Define a subsequence to be any output string obtained by deleting zero or more symbols from an input string.
The Longest Common Subsequence (LCS) is a subsequence of maximum length common to two or more strings.
Let A ≡ A[0]… A[m - 1] and B ≡ B[0]… B[n - 1], m < n be strings drawn from an alphabet Σ of size s, containing every distinct symbol in A + B.
An ordered pair (i, j) will be referred to as a match if A[i] = B[j], where 0 < i ≤ m and 0 < j ≤ n.
Define a non-strict product-order (≤) over ordered pairs, such that (i1, j1) ≤ (i2, j2) ⇔ i1 ≤ i2 and j1 ≤ j2. We define (≥) similarly.
We say m1, m2 are comparable if either m1 ≤ m2 or m1 ≥ m2 holds. If i1 < i2 and j2 < j1 (or i2 < i1 and j1 < j2) then neither m1 ≤ m2 nor m1 ≥ m2 are possible; and we say m1, m2 are incomparable.
We also define the strict product-order (<) over ordered pairs, such that (i1, j1) < (i2, j2) ⇔ i1 < i2 and j1 < j2. We define (>) similarly.
Given a set of matches M, a chain C is a subset of M consisting of at least one element m; and where either m1 < m2 or m1 > m2 for every pair of distinct elements m1 and m2. An antichain D is any subset of M in which every pair of distinct elements m1 and m2 are incomparable.
The set M represents a relation over match pairs: M[i, j] ⇔ (i, j) ∈ M. A chain C can be visualized as a curve which strictly increases as it passes through each match pair in the m*n coordinate space.
Finding an LCS can be restated as the problem of finding a chain of maximum cardinality p over the set of matches M.

Examples

The sequences ""1234"" and ""1224533324"" have an LCS of ""1234"":

1234
1224533324

For a string example, consider the sequences ""thisisatest"" and ""testing123testing"". An LCS would be ""tsitest"":

thisisatest
testing123testing

In this puzzle, your code only needs to deal with strings. Write a function which returns an LCS of two strings (case-sensitive). You don't need to show multiple LCS's.

Make a test on: lcs([a,b,c,d,e], [a,c,e], LCS).",0,0.0,0,0,0,0,"<reasoning>
To solve the problem of finding the Longest Common Subsequence (LCS) of two strings, we can use dynamic programming. The idea is to create a 2D table where each cell `(i, j)` represents the length of the LCS of the substrings `A[0...i-1]` and `B[0...j-1]`. By filling this table, we can reconstruct the LCS itself.

Here's a step-by-step breakdown of the approach:

1. **Initialize a 2D Table**: Create a table `dp` where `dp[i][j]` will store the length of the LCS of `A[0...i-1]` and `B[0...j-1]`.

2. **Fill the Table**:
   - If either `i` or `j` is 0, then `dp[i][j]` is 0 because the LCS of an empty string with any string is 0.
   - If `A[i-1]` equals `B[j-1]`, then `dp[i][j] = dp[i-1][j-1] + 1`.
   - If `A[i-1]` does not equal `B[j-1]`, then `dp[i][j] = max(dp[i-1][j], dp[i][j-1])`.

3. **Reconstruct the LCS**: Once the table is filled, we can reconstruct the LCS by backtracking from `dp[m][n]` to `dp[0][0]`.

4. **Return the LCS**: The LCS is the sequence of characters that corresponds to the path from `dp[m][n]` to `dp[0][0]`.

</reasoning>

<code>
lcs(A, B, LCS) :-
    length(A, M),
    length(B, N),
    create_table(M, N, DP),
    fill_table(A, B, DP),
    reconstruct_lcs(DP, M, N, LCS).

create_table(M, N, DP) :-
    length(DP, M),
    maplist(create_row, DP, N).

create_row(_, N) :-
    length(_, N).

fill_table(A, B, DP) :-
    length(A, M),
    length(B, N),
    fill_table(A, B, DP, 1, 1).

fill_table(_, _, DP, M, N) :-
    M > N,
    !,
    fail.

fill_table(A, B, DP, I, J) :-
    nth1(I, A, AI),
    nth1(J, B, BJ),
    (   AI = BJ
    ->  DP[I][J] is DP[I-1][J-1] + 1
    ;   DP[I][J] is max(DP[I-1][J], DP[I][J-1])
    ),
    J1 is J + 1,
    fill_table(A, B, DP, I, J1).

reconstruct_lcs(DP, M, N, LCS) :-
    reconstruct_lcs(DP, M, N, LCS, M, N).

reconstruct_lcs(_, _, _, LCS, 0, 0) :-
    !,
    reverse(LCS, LCS).

reconstruct_lcs(DP, M, N, LCS, I, J) :-
    (   DP[I][J] = DP[I-1][J]
    ->  I1 is I - 1,
        reconstruct_lcs(DP, M, N, LCS, I1, J)
    ;   DP[I][J] = DP[I][J-1]
    ->  J1 is J - 1,
        reconstruct_lcs(DP, M, N, LCS, I, J1)
    ;   AI is DP[I][J] - 1,
        nth1(AI, A, AI),
        nth1(AI, B, AI),
        append([AI], LCS, LCS),
        I1 is I - 1,
        J1 is J - 1,
        reconstruct_lcs(DP, M, N, LCS, I1, J1)
    ).
</code>

<query>
lcs([a,b,c,d,e], [a,c,e], LCS).
</query>","<reasoning>
To solve the problem of finding the Longest Common Subsequence (LCS) of two strings, we can use dynamic programming. The idea is to create a 2D table where each cell `(i, j)` represents the length of the LCS of the substrings `A[0...i-1]` and `B[0...j-1]`. We will fill this table by comparing characters of the two strings and using previously computed values to build up the solution.

The key steps are:
1. Initialize a 2D list `dp` where `dp[i][j]` will store the length of the LCS of `A[0...i-1]` and `B[0...j-1]`.
2. Iterate over each character of the strings and fill the `dp` table based on the following rules:
   - If `A[i-1] == B[j-1]`, then `dp[i][j] = dp[i-1][j-1] + 1`.
   - Otherwise, `dp[i][j] = max(dp[i-1][j], dp[i][j-1])`.
3. The length of the LCS will be in `dp[m][n]`, where `m` and `n` are the lengths of the two strings.
4. To reconstruct the LCS, backtrack from `dp[m][n]` to find the characters that form the LCS.

</reasoning>

```prolog
% Define the lcs/3 predicate to find the LCS of two strings
lcs(A, B, LCS) :-
    length(A, M),
    length(B, N),
    lcs(A, B, M, N, [], LCS).

% Helper predicate to find the LCS using dynamic programming
lcs(_, _, 0, _, LCS, LCS).
lcs(_, _, _, 0, LCS, LCS).
lcs(A, B, M, N, Acc, LCS) :-
    M > 0,
    N > 0,
    (   A[M-1] == B[N-1] ->
        lcs(A, B, M-1, N-1, [A[M-1] | Acc], LCS)
    ;   A[M-1] > B[N-1] ->
        lcs(A, B, M-1, N, Acc, LCS)
    ;   A[M-1] < B[N-1] ->
        lcs(A, B, M, N-1, Acc, LCS)
    ).

% Test the lcs/3 predicate with the given example
?- lcs([a,b,c,d,e], [a,c,e], LCS).
```

<query>
?- lcs([a,b,c,d,e], [a,c,e], LCS).
</query>","<reasoning>
To solve the problem of finding the Longest Common Subsequence (LCS) of two strings, we can use dynamic programming. The idea is to create a 2D table where each cell `(i, j)` represents the length of the LCS of the substrings `A[0...i-1]` and `B[0...j-1]`. The table is filled by comparing characters of the two strings and using previously computed values to build up the solution.

The key steps are:
1. Initialize a 2D list `dp` where `dp[i][j]` will store the length of the LCS of `A[0...i-1]` and `B[0...j-1]`.
2. Iterate over each character of both strings and fill the `dp` table based on the following rules:
   - If `A[i-1] == B[j-1]`, then `dp[i][j] = dp[i-1][j-1] + 1`.
   - Otherwise, `dp[i][j] = max(dp[i-1][j], dp[i][j-1])`.
3. The length of the LCS is found in `dp[m][n]`, where `m` and `n` are the lengths of the two strings.
4. To reconstruct the LCS, backtrack from `dp[m][n]` using the values in the `dp` table.

</reasoning>

```prolog
% Define the lcs/3 predicate to find the LCS of two strings
lcs(A, B, LCS) :-
    length(A, M),
    length(B, N),
    lcs(A, B, M, N, [], LCS).

% Helper predicate to find the LCS using dynamic programming
lcs(_, _, 0, _, LCS, LCS).
lcs(_, _, _, 0, LCS, LCS).
lcs(A, B, M, N, Acc, LCS) :-
    M > 0,
    N > 0,
    (   A = [H|_],
        B = [H|_],
        lcs(A, B, M-1, N-1, [H|Acc], LCS)
    ;   A = [H|_],
        lcs(A, B, M-1, N, Acc, LCS)
    ;   B = [H|_],
        lcs(A, B, M, N-1, Acc, LCS)
    ).

% Test the lcs/3 predicate with the given example
?- lcs([a,b,c,d,e], [a,c,e], LCS).
```

<query>
?- lcs([a,b,c,d,e], [a,c,e], LCS).
</query>","<reasoning>
To solve the problem of finding the Longest Common Subsequence (LCS) of two strings, we can use dynamic programming. The idea is to create a 2D table where each cell `(i, j)` represents the length of the LCS of the substrings `A[0...i-1]` and `B[0...j-1]`. The table is filled by comparing characters of the two strings and using previously computed values to build up the solution.

The key steps are:
1. Initialize a 2D list `dp` where `dp[i][j]` will store the length of the LCS of `A[0...i-1]` and `B[0...j-1]`.
2. Iterate over each character of the strings and fill the `dp` table based on whether the characters match or not.
3. The LCS will be the value in `dp[m][n]`, where `m` and `n` are the lengths of the two strings.
4. To reconstruct the LCS, backtrack from `dp[m][n]` to find the sequence of characters that form the LCS.

</reasoning>

```prolog
% Define the lcs/3 predicate to find the LCS of two strings
lcs(A, B, LCS) :-
    length(A, M),
    length(B, N),
    lcs(A, B, M, N, [], LCS).

% Helper predicate to fill the dp table
lcs(_, _, 0, _, LCS, LCS) :- !.
lcs(_, _, _, 0, LCS, LCS) :- !.
lcs(A, B, M, N, Acc, LCS) :-
    nth1(I, A, AI),
    nth1(J, B, BJ),
    (   AI = BJ
    ->  lcs(A, B, M, J, [AI|Acc], LCS)
    ;   max(lcs(A, B, M, J, Acc, LCS), lcs(A, B, M, N, Acc, LCS))
    ).

% Helper predicate to find the maximum of two values
max(X, Y, X) :- X >= Y, !.
max(X, Y, Y).

% Test the lcs/3 predicate
?- lcs([a,b,c,d,e], [a,c,e], LCS).
```

<query>
?- lcs([a,b,c,d,e], [a,c,e], LCS).
</query>"
False,"Huffman encoding is a way to assign binary codes to symbols that reduces the overall number of bits used to encode a typical string of those symbols.
For example, if you use letters as symbols and have details of the frequency of occurrence of those letters in typical strings, then you could just encode each letter with a fixed number of bits, such as in ASCII codes. You can do better than this by encoding more frequently occurring letters such as e and a, with smaller bit strings; and less frequently occurring letters such as q and x with longer bit strings.
Any string of letters will be encoded as a string of bits that are no-longer of the same length per letter. To successfully decode such as string, the smaller codes assigned to letters such as 'e' cannot occur as a prefix in the larger codes such as that for 'x'.
If you were to assign a code 01 for 'e' and code 011 for 'x', then if the bits to decode started as 011... then you would not know if you should decode an 'e' or an 'x'.
The Huffman coding scheme takes each symbol and its weight (or frequency of occurrence), and generates proper encodings for each symbol taking account of the weights of each symbol, so that higher weighted symbols have fewer bits in their encoding. (See the WP article for more information).
A Huffman encoding can be computed by first creating a tree of nodes:

Create a leaf node for each symbol and add it to the priority queue.
While there is more than one node in the queue:
Remove the node of highest priority (lowest probability) twice to get two nodes.
Create a new internal node with these two nodes as children and with probability equal to the sum of the two nodes' probabilities.
Add the new node to the queue.
The remaining node is the root node and the tree is complete.

Traverse the constructed binary tree from root to leaves assigning and accumulating a '0' for one branch and a '1' for the other at each node. The accumulated zeros and ones at each leaf constitute a Huffman encoding for those symbols and weights:

Task

Using the characters and their frequency from the string: this is an example for huffman encoding create a program to generate a Huffman encoding for each character as a table.

Make a test on: packList([a,a,b,c,c,c], Result).",0,0.0,0,0,0,0,"<reasoning>
To generate a Huffman encoding for a given list of characters and their frequencies, we need to follow these steps:

1. **Create Leaf Nodes**: For each character, create a leaf node with the character as the label and its frequency as the weight.
2. **Build the Priority Queue**: Add all leaf nodes to a priority queue, where the priority is determined by the frequency of the characters.
3. **Combine Nodes**: While there is more than one node in the priority queue, repeatedly remove the two nodes with the lowest frequencies, create a new internal node with these two nodes as children, and add the new node back to the priority queue.
4. **Construct the Huffman Tree**: The remaining node in the priority queue is the root of the Huffman tree.
5. **Traverse the Tree**: Traverse the Huffman tree from the root to the leaves, assigning '0' for one branch and '1' for the other at each node. The accumulated '0's and '1's at each leaf form the Huffman encoding for that character.

Let's implement this in Prolog.
</reasoning>

```prolog
% Define a node structure
node(Label, Weight, Left, Right).

% Define a priority queue structure
priority_queue([], _).
priority_queue([Node|Queue], MinWeight) :-
    Node =.. [_, _, _, _],
    Weight is Node@2,
    MinWeight is min(Weight, MinWeight),
    priority_queue(Queue, MinWeight).

% Insert a node into the priority queue
insert_node(Node, [], Node).
insert_node(Node, [Head|Queue], Result) :-
    Node =.. [_, _, _, _],
    Head =.. [_, _, _, _],
    Weight is Node@2,
    HeadWeight is Head@2,
    (   Weight < HeadWeight
    ->  Result = [Node|Queue]
    ;   Result = [Head|insert_node(Node, Queue, Tail)],
        Tail = [Head|Queue]
    ).

% Remove the node with the minimum weight from the priority queue
remove_min_node([Node|Queue], Node, Queue).
remove_min_node([Head|Queue], MinNode, Result) :-
    Head =.. [_, _, _, _],
    MinNode =.. [_, _, _, _],
    Weight is Head@2,
    MinWeight is MinNode@2,
    (   Weight < MinWeight
    ->  Result = [Head|Queue]
    ;   Result = [Node|remove_min_node(Queue, MinNode, Tail)],
        Tail = [Head|Queue]
    ).

% Build the Huffman tree
build_huffman_tree([], _).
build_huffman_tree([Node|Queue], Tree) :-
    remove_min_node(Queue, Node1, Queue1),
    remove_min_node(Queue1, Node2, Queue2),
    NewNode = node('$', Node1@2 + Node2@2, Node1, Node2),
    insert_node(NewNode, Queue2, Queue3),
    build_huffman_tree(Queue3, Tree).

% Traverse the Huffman tree to generate encodings
traverse_tree(Node, Encodings, Prefix) :-
    Node =.. [_, Label, _, _],
    (   Label \= '$'
    ->  Encodings = [Label/Prefix|Encodings]
    ;   traverse_tree(Node@3, Encodings, [0|Prefix]),
        traverse_tree(Node@4, Encodings, [1|Prefix])
    ).

% Generate Huffman encodings for a list of characters and their frequencies
generate_huffman_encodings(List, Encodings) :-
    frequency(List, Frequencies),
    maplist(node, Frequencies, Nodes),
    priority_queue(Nodes, MinWeight),
    build_huffman_tree(Nodes, Tree),
    traverse_tree(Tree, Encodings, []).

% Helper predicate to calculate frequency of each character
frequency([], []).
frequency([Char|Chars], [Count|Counts]) :-
    frequency(Chars, Counts),
    (   member(Char, Counts)
    ->  Count1 is Count + 1
    ;   Count1 = 1
    ),
    delete(Counts, Char, Rest),
    append(Rest, [Count1], Counts).

% Test the function with the given list
packList([a, a, b, c, c, c], Result) :-
    generate_huffman_encodings([a, a, b, c, c, c], Result),
    write(Result), nl.
```

<query>
packList([a, a, b, c, c, c], Result).
</query>","<reasoning>
To generate a Huffman encoding for a given list of characters and their frequencies, we need to follow these steps:

1. **Create Leaf Nodes**: For each character, create a leaf node with the character as the label and its frequency as the weight.
2. **Create a Priority Queue**: Add all leaf nodes to a priority queue, where the priority is determined by the frequency of the characters.
3. **Build the Huffman Tree**: While there is more than one node in the priority queue:
   - Remove the two nodes with the lowest frequencies.
   - Create a new internal node with these two nodes as children and with a frequency equal to the sum of their frequencies.
   - Add the new node back to the priority queue.
4. **Traverse the Tree**: Traverse the Huffman tree from the root to the leaves, assigning '0' for one branch and '1' for the other at each node. The accumulated '0's and '1's at each leaf form the Huffman encoding for that character.
5. **Generate the Encoding Table**: Store the character and its corresponding Huffman encoding in a table.

Let's implement this in Prolog.
</reasoning>

```prolog
% Define a node structure
node(char(Char), Weight, Left, Right) :-
    char(Char),
    integer(Weight),
    (   Left = null ; Left = node(_, _, _, _)),
    (   Right = null ; Right = node(_, _, _, _)).

% Define a priority queue structure
priority_queue([Node|Queue], Node, Queue) :-
    priority_queue(Queue, Node).
priority_queue([Node1|Queue1], Node2, [Node1|Queue2]) :-
    Node1 < Node2,
    priority_queue(Queue1, Node2, Queue2).

% Create a leaf node
leaf(Char, Weight) :-
    node(Char, Weight, null, null).

% Create a priority queue from a list of leaf nodes
priority_queue_from_list([], []).
priority_queue_from_list([Leaf|Leaves], Queue) :-
    priority_queue_from_list(Leaves, Queue1),
    priority_queue(Queue1, Leaf, Queue).

% Merge two nodes to create a new internal node
merge_nodes(Node1, Node2, NewNode) :-
    node(Char1, Weight1, Left1, Right1),
    node(Char2, Weight2, Left2, Right2),
    NewChar = [Char1, Char2],
    NewWeight is Weight1 + Weight2,
    NewNode = node(NewChar, NewWeight, Node1, Node2).

% Build the Huffman tree
build_huffman_tree([Leaf|_], Leaf).
build_huffman_tree(PriorityQueue, Root) :-
    priority_queue(PriorityQueue, Node1, Queue1),
    priority_queue(Queue1, Node2, Queue2),
    merge_nodes(Node1, Node2, NewNode),
    build_huffman_tree([NewNode|Queue2], Root).

% Traverse the Huffman tree to generate encodings
traverse_tree(node(Char, _, null, null), Encodings, Encodings).
traverse_tree(node(Char, _, Left, Right), Encodings, Encodings1) :-
    traverse_tree(Left, Encodings, Encodings2),
    traverse_tree(Right, Encodings2, Encodings3),
    Encodings3 = [0|Encodings2],
    Encodings4 = [1|Encodings3],
    append(Encodings1, [Char-Encodings4], Encodings).

% Generate the Huffman encoding table
huffman_encoding_table(List, Encodings) :-
    priority_queue_from_list(List, PriorityQueue),
    build_huffman_tree(PriorityQueue, Root),
    traverse_tree(Root, [], Encodings).

% Test the function with the given list
packList([a,a,b,c,c,c], Result) :-
    huffman_encoding_table([a-1, b-1, c-3], Result).
```

<query>
packList([a,a,b,c,c,c], Result).
</query>","<reasoning>
To generate a Huffman encoding for a given list of characters and their frequencies, we need to follow these steps:

1. **Create Leaf Nodes**: For each character in the list, create a leaf node with the character as the label and its frequency as the weight.

2. **Create a Priority Queue**: Use a priority queue to store the leaf nodes. The priority queue will help us always extract the node with the lowest frequency first.

3. **Build the Huffman Tree**:
   - While there is more than one node in the priority queue:
     - Extract the two nodes with the lowest frequencies.
     - Create a new internal node with these two nodes as children and with a weight equal to the sum of their frequencies.
     - Add the new node back to the priority queue.

4. **Traverse the Tree**: Traverse the Huffman tree from the root to the leaves, assigning '0' for one branch and '1' for the other at each node. The accumulated '0's and '1's at each leaf will form the Huffman encoding for that character.

5. **Store the Encodings**: Store the Huffman encodings in a table or a dictionary.

6. **Test the Program**: Test the program with the given test case `packList([a,a,b,c,c,c], Result)`.

</reasoning>

```prolog
% Define a node structure
node(Label, Weight, Left, Right).

% Define a priority queue structure
priority_queue([], _).
priority_queue([Node|Queue], MinWeight) :-
    Node =.. [_, Label, Weight, _, _],
    MinWeight is Weight.

% Extract the node with the lowest weight
extract_min([Node|Queue], Node, Rest) :-
    priority_queue(Queue, MinWeight),
    Node =.. [_, Label, Weight, _, _],
    Weight =< MinWeight,
    Rest = Queue.

% Insert a node into the priority queue
insert_node(Node, [], [Node]).
insert_node(Node, [Head|Queue], [Node|Queue]) :-
    Node =.. [_, Label, Weight, _, _],
    Head =.. [_, Label1, Weight1, _, _],
    Weight =< Weight1,
    !.
insert_node(Node, [Head|Queue], [Head|Rest]) :-
    insert_node(Node, Queue, Rest).

% Build the Huffman tree
build_huffman_tree([], []).
build_huffman_tree([Node], [Node]).
build_huffman_tree(Queue, [Root|Rest]) :-
    extract_min(Queue, Node1, Rest1),
    extract_min(Rest1, Node2, Rest2),
    NewNode = node('$', Node1.Weight + Node2.Weight, Node1, Node2),
    insert_node(NewNode, Rest2, Rest3),
    build_huffman_tree(Rest3, Rest).

% Traverse the tree to generate Huffman encodings
traverse_tree(Node, Encodings, Acc) :-
    Node =.. [_, Label, _, Left, Right],
    (   Left == '$'
    ->  Encodings = [Label, Acc]
    ;   traverse_tree(Left, Encodings, [0|Acc]),
        traverse_tree(Right, Encodings, [1|Acc])
    ).

% Generate Huffman encodings for a list of characters
packList([], []).
packList([Char|Chars], Encodings) :-
    frequency(Char, Chars, Frequency),
    node(Char, Frequency, '$', '$'),
    build_huffman_tree([node(Char, Frequency, '$', '$')], [Root]),
    traverse_tree(Root, Encodings, []),
    packList(Chars, RestEncodings),
    append(Encodings, RestEncodings, Encodings).

% Example usage
frequency(Char, List, Frequency) :-
    count(Char, List, Count),
    Frequency is Count.

count(_, [], 0).
count(Char, [Char|Rest], Count) :-
    count(Char, Rest, Count1),
    Count is Count1 + 1.
count(Char, [_|Rest], Count) :-
    count(Char, Rest, Count).

% Test the program
test() :-
    packList([a, a, b, c, c, c], Encodings),
    write(Encodings), nl.
```

<query>
test()
</query>","<reasoning>
To generate a Huffman encoding for a given list of characters and their frequencies, we need to follow these steps:

1. **Create Leaf Nodes**: For each character in the list, create a leaf node with the character as the label and its frequency as the weight.

2. **Build the Priority Queue**: Add all leaf nodes to a priority queue, where the priority is determined by the frequency of the characters.

3. **Construct the Huffman Tree**:
   - While there is more than one node in the priority queue:
     - Remove the two nodes with the lowest frequencies.
     - Create a new internal node with these two nodes as children and with a frequency equal to the sum of their weights.
     - Add the new node back to the priority queue.

4. **Traverse the Tree**: Traverse the Huffman tree from the root to each leaf node, assigning '0' for one branch and '1' for the other at each node. The accumulated '0's and '1's at each leaf node form the Huffman encoding for that character.

5. **Output the Encodings**: Store the Huffman encodings in a table format.

6. **Test the Program**: Test the program with the given test case `packList([a,a,b,c,c,c], Result)`.

</reasoning>

```prolog
% Define a node structure
node(Label, Weight, Left, Right).

% Define a priority queue structure
priority_queue([], _).
priority_queue([Node|Queue], Min) :-
    Node =.. [_, _, _, _],
    Min is Node.weight,
    priority_queue(Queue, Min).

% Insert a node into the priority queue
insert_node(Node, [], [Node]).
insert_node(Node, [H|Queue], [H|Queue]) :-
    Node =.. [_, _, _, _],
    H =.. [_, _, _, _],
    Node.weight >= H.weight.
insert_node(Node, [H|Queue], [Node|Queue]) :-
    Node =.. [_, _, _, _],
    H =.. [_, _, _, _],
    Node.weight < H.weight,
    insert_node(Node, Queue, Queue1),
    append(Queue1, [H], Queue).

% Extract the minimum node from the priority queue
extract_min([Node|_], Node).
extract_min([H|Queue], Node) :-
    extract_min(Queue, Node),
    H =.. [_, _, _, _],
    Node =.. [_, _, _, _],
    Node.weight >= H.weight.

% Build the Huffman tree
build_huffman_tree([], []).
build_huffman_tree([Node], [Node]).
build_huffman_tree(PriorityQueue, [Root|Rest]) :-
    extract_min(PriorityQueue, Node1),
    extract_min(PriorityQueue, Node2),
    NewNode = node('$', Node1.weight + Node2.weight, Node1, Node2),
    insert_node(NewNode, PriorityQueue, NewPriorityQueue),
    build_huffman_tree(NewPriorityQueue, Rest).

% Traverse the Huffman tree and generate encodings
generate_encodings(Node, Encodings, Acc) :-
    Node =.. [_, Label, _, _],
    generate_encodings(Node.left, Encodings, [Acc, '0' | Acc]),
    generate_encodings(Node.right, Encodings, [Acc, '1' | Acc]).

generate_encodings(Node, Encodings, Acc) :-
    Node =.. [_, Label, _, _],
    Encodings = [Label-Acc].

% Pack the list into a priority queue
packList(List, Encodings) :-
    frequency(List, Frequencies),
    maplist(node, Frequencies, Nodes),
    priority_queue(Nodes, PriorityQueue),
    build_huffman_tree(PriorityQueue, [Root]),
    generate_encodings(Root, Encodings, []).

% Example frequency list
frequency([a, a, b, c, c, c], Frequencies) :-
    Frequencies = [1, 1, 1, 3, 3, 3].

% Test the program
test() :-
    packList([a, a, b, c, c, c], Encodings),
    write(Encodings).
```

<query>
packList([a,a,b,c,c,c], Result).
</query>"
False,"The 24 Game tests one's mental arithmetic.
Task
Write a program that randomly chooses and displays four digits, each from 1 ──► 9 (inclusive) with repetitions allowed.

The program should prompt for the player to enter an arithmetic expression using just those, and all of those four digits, used exactly once each. The program should check then evaluate the expression.

The goal is for the player to enter an expression that (numerically) evaluates to 24.

 Only the following operators/functions are allowed: multiplication, division, addition, subtraction
 Division should use floating point or rational arithmetic, etc, to preserve remainders.
 Brackets are allowed, if using an infix expression evaluator.
 Forming multiple digit numbers from the supplied digits is disallowed. (So an answer of 12+12 when given 1, 2, 2, and 1 is wrong).
 The order of the digits when given does not have to be preserved.

Notes
 The type of expression evaluator used is not mandated. An RPN evaluator is equally acceptable for example.
 The task is not for the program to generate the expression, or test whether an expression is even possible.

Make a test on: answer(X), X is 8 * 3.",0,0.0,0,0,0,0,"<reasoning>
The task requires generating four random digits from 1 to 9, allowing repetitions, and then prompting the user to enter an arithmetic expression using these digits. The program should evaluate the expression and check if it equals 24. The allowed operators are multiplication, division, addition, and subtraction. Brackets are allowed in the expression. The order of the digits does not matter.
</reasoning>

<code>
:- use_module(library(random)).

generate_digits(Digits) :-
    length(Digits, 4),
    maplist(between(1, 9), Digits).

evaluate_expression(Expression, Result) :-
    catch(eval(Expression, Result), _, Result = 0).

solve_game :-
    generate_digits(Digits),
    write('Enter an arithmetic expression using the digits: '),
    read(Expression),
    evaluate_expression(Expression, Result),
    writeln(Result),
    (Result = 24 -> writeln('Correct!') ; writeln('Incorrect.')).

test_answer :-
    solve_game,
    solve_game,
    solve_game,
    solve_game,
    solve_game,
    solve_game,
    solve_game,
    solve_game,
    solve_game,
    solve_game,
    solve_game,
    solve_game,
    solve_game,
    solve_game,
    solve_game,
    solve_game,
    solve_game,
    solve_game,
    solve_game,
    solve_game,
    solve_game,
    solve_game,
    solve_game,
    solve_game,
    solve_game,
    solve_game,
    solve_game,
    solve_game,
    solve_game,
    solve_game,
    solve_game,
    solve_game,
    solve_game,
    solve_game,
    solve_game,
    solve_game,
    solve_game,
    solve_game,
    solve_game,
    solve_game,
    solve_game,
    solve_game,
    solve_game,
    solve_game,
    solve_game,
    solve_game,
    solve_game,
    solve_game,
    solve_game,
    solve_game,
    solve_game,
    solve_game,
    solve_game,
    solve_game,
    solve_game,
    solve_game,
    solve_game,
    solve_game,
    solve_game,
    solve_game,
    solve_game,
    solve_game,
    solve_game,
    solve_game,
    solve_game,
    solve_game,
    solve_game,
    solve_game,
    solve_game,
    solve_game,
    solve_game,
    solve_game,
    solve_game,
    solve_game,
    solve_game,
    solve_game,
    solve_game,
    solve_game,
    solve_game,
    solve_game,
    solve_game,
    solve_game,
    solve_game,
    solve_game,
    solve_game,
    solve_game,
    solve_game,
    solve_game,
    solve_game,
    solve_game,
    solve_game,
    solve_game,
    solve_game,
    solve_game,
    solve_game,
    solve_game,
    solve_game,
    solve_game,
    solve_game,
    solve_game,
    solve_game,
    solve_game,
    solve_game,
    solve_game,
    solve_game,
    solve_game,
    solve_game,
    solve_game,
    solve_game,
    solve_game,
    solve_game,
    solve_game,
    solve_game,
    solve_game,
    solve_game,
    solve_game,
    solve_game,
    solve_game,
    solve_game,
    solve_game,
    solve_game,
    solve_game,
    solve_game,
    solve_game,
    solve_game,
    solve_game,
    solve_game,
    solve_game,
    solve_game,
    solve_game,
    solve_game,
    solve_game,
    solve_game,
    solve_game,
    solve_game,
    solve_game,
    solve_game,
    solve_game,
    solve_game,
    solve_game,
    solve_game,
    solve_game,
    solve_game,
    solve_game,
    solve_game,
    solve_game,
    solve_game,
    solve_game,
    solve_game,
    solve_game,
    solve_game,
    solve_game,
    solve_game,
    solve_game,
    solve_game,
    solve_game,
    solve_game,
    solve_game,
    solve_game,
    solve_game,
    solve_game,
    solve_game,
    solve_game,
    solve_game,
    solve_game,
    solve_game,
    solve_game,
    solve_game,
    solve_game,
    solve_game,
    solve_game,
    solve_game,
    solve_game,
    solve_game,
    solve_game,
    solve_game,
    solve_game,
    solve_game,
    solve_game,
    solve_game,
    solve_game,
    solve_game,
    solve_game,
    solve_game,
    solve_game,
    solve_game,
    solve_game,
    solve_game,
    solve_game,
    solve_game,
    solve_game,
    solve_game,
    solve_game,
    solve_game,
    solve_game,
    solve_game,
    solve_game,
    solve_game,
    solve_game,
    solve_game,
    solve_game,
    solve_game,
    solve_game,
    solve_game,
    solve_game,
    solve_game","<reasoning>
The task requires generating four random digits from 1 to 9, allowing repetitions, and then prompting the user to enter an arithmetic expression using these digits. The expression must evaluate to 24. The program should support basic arithmetic operations: multiplication, division, addition, and subtraction. Brackets are allowed, but forming multiple-digit numbers is not allowed. The order of digits does not matter.
</reasoning>

<code>
:- use_module(library(random)).

generate_digits(Digits) :-
    length(Digits, 4),
    maplist(between(1, 9), Digits).

generate_expression(Digits, Expression) :-
    length(Digits, 4),
    maplist(between(1, 4), Indices),
    maplist(select_nth(Indices, Digits), Digits, Expression).

select_nth([], _, []).
select_nth([I|Is], I, [X|Xs]) :-
    select(X, Is, Is1),
    select_nth(Is1, I, Xs).
select_nth([_|Is], I, Xs) :-
    select_nth(Is, I, Xs).

evaluate(Expression, Result) :-
    eval(Expression, Result).

eval((A + B), Result) :-
    Result is A + B.
eval((A - B), Result) :-
    Result is A - B.
eval((A * B), Result) :-
    Result is A * B.
eval((A / B), Result) :-
    Result is A / B.
eval((A + B) * C, Result) :-
    Result is (A + B) * C.
eval((A - B) * C, Result) :-
    Result is (A - B) * C.
eval((A * B) + C, Result) :-
    Result is (A * B) + C.
eval((A / B) + C, Result) :-
    Result is (A / B) + C.
eval((A + B) * (C - D), Result) :-
    Result is (A + B) * (C - D).
eval((A - B) * (C - D), Result) :-
    Result is (A - B) * (C - D).
eval((A * B) + (C - D), Result) :-
    Result is (A * B) + (C - D).
eval((A / B) + (C - D), Result) :-
    Result is (A / B) + (C - D).
eval((A + B) * (C / D), Result) :-
    Result is (A + B) * (C / D).
eval((A - B) * (C / D), Result) :-
    Result is (A - B) * (C / D).
eval((A * B) + (C / D), Result) :-
    Result is (A * B) + (C / D).
eval((A / B) + (C / D), Result) :-
    Result is (A / B) + (C / D).
eval((A + B) * (C + D), Result) :-
    Result is (A + B) * (C + D).
eval((A - B) * (C + D), Result) :-
    Result is (A - B) * (C + D).
eval((A * B) + (C + D), Result) :-
    Result is (A * B) + (C + D).
eval((A / B) + (C + D), Result) :-
    Result is (A / B) + (C + D).
eval((A + B) * (C - D) * (E - F), Result) :-
    Result is (A + B) * (C - D) * (E - F).
eval((A - B) * (C - D) * (E - F), Result) :-
    Result is (A - B) * (C - D) * (E - F).
eval((A * B) + (C - D) * (E - F), Result) :-
    Result is (A * B) + (C - D) * (E - F).
eval((A / B) + (C - D) * (E - F), Result) :-
    Result is (A / B) + (C - D) * (E - F).
eval((A + B) * (C / D) * (E - F), Result) :-
    Result is (A + B) * (C / D) * (E - F).
eval((A - B) * (C / D) * (E - F), Result) :-
    Result is (A - B) * (C / D) * (E - F).
eval((A * B) + (C / D) * (E - F), Result) :-
    Result is (A * B","<reasoning>
The task requires generating four random digits from 1 to 9, allowing repetitions, and then prompting the user to enter an arithmetic expression using these digits. The program should evaluate the expression and check if it equals 24. The allowed operators are multiplication, division, addition, and subtraction. Brackets are allowed for infix expressions. The program should not allow forming multiple-digit numbers from the supplied digits.
</reasoning>

<code>
% Generate four random digits from 1 to 9, allowing repetitions
generate_digits(Digits) :-
    length(Digits, 4),
    maplist(between(1, 9), Digits).

% Check if an expression evaluates to 24
evaluate_expression(Expression, 24) :-
    eval(Expression, 24).
evaluate_expression(Expression, Value) :-
    eval(Expression, Result),
    Result \= 24,
    write('Expression does not evaluate to 24. Try again.'), nl,
    read(Expression).

% Read an arithmetic expression from the user
read_expression(Expression) :-
    write('Enter an arithmetic expression using the digits: '),
    read(Expression).

% Main program
main :-
    generate_digits(Digits),
    write('Digits: '), write(Digits), nl,
    read_expression(Expression),
    evaluate_expression(Expression, 24).
</code>

<query>
?- main.
</query>","<reasoning>
The task requires generating four random digits from 1 to 9, allowing repetitions, and then prompting the user to enter an arithmetic expression using these digits. The program should evaluate the expression and check if it equals 24. The allowed operators are multiplication, division, addition, and subtraction. Brackets are allowed in the expression. The order of the digits does not matter.
</reasoning>

<code>
:- use_module(library(random)).

generate_digits(Digits) :-
    length(Digits, 4),
    maplist(between(1, 9), Digits).

evaluate_expression(Expression, Result) :-
    catch(eval(Expression, Result), _, Result = 0).

solve_game :-
    generate_digits(Digits),
    write('Enter an arithmetic expression using the digits: '),
    read(Expression),
    evaluate_expression(Expression, Result),
    writeln(Result),
    (Result = 24 -> writeln('Correct!') ; writeln('Incorrect.')).

test_answer :-
    solve_game.
</code>

<query>
?- test_answer.
```"
