match,question,sum,mean,match_1,match_2,match_3,match_4,gen_code_1,gen_code_2,gen_code_3,gen_code_4
True,"The Fibonacci sequence is a sequence Fn of natural numbers defined recursively:
    F0 = 0 
    F1 = 1 
    Fn = Fn-1 + Fn-2, if n>1 
Task
Write a function to generate the nth Fibonacci number.
Solutions can be iterative or recursive (though recursive solutions are generally considered too slow and are mostly used as an exercise in recursion).
The sequence is sometimes extended into negative numbers by using a straightforward inverse of the positive definition:
    Fn = Fn+2 - Fn+1, if n<0   
support for negative n in the solution is optional.

Make a test on: fib(20, F).",4,1.0,1,1,1,1,"<reasoning>
To generate the nth Fibonacci number in Prolog, we can implement a recursive solution. The Fibonacci sequence is defined recursively with base cases for F0 and F1, and a recursive case for Fn when n > 1. For negative n, we can extend the sequence using the formula Fn = Fn+2 - Fn+1. However, the problem statement is optional for supporting negative n, so we will focus on the positive n case.

Here's the Prolog code to generate the nth Fibonacci number:
</reasoning>
<code>
fib(0, 0).
fib(1, 1).
fib(N, F) :-
    N > 1,
    N1 is N - 1,
    N2 is N - 2,
    fib(N1, F1),
    fib(N2, F2),
    F is F1 + F2.
</code>
<query>
fib(20, F).
</query>","<reasoning>
To generate the nth Fibonacci number in Prolog, we can implement a recursive solution. The Fibonacci sequence is defined recursively with base cases for F0 and F1, and a general case for Fn = Fn-1 + Fn-2. For negative indices, we can extend the sequence using the formula Fn = Fn+2 - Fn+1. However, the problem statement does not require support for negative n, so we will focus on the non-negative case.

Here's the Prolog code to generate the nth Fibonacci number:
</reasoning>
<code>
fib(0, 0).
fib(1, 1).
fib(N, F) :-
    N > 1,
    N1 is N - 1,
    N2 is N - 2,
    fib(N1, F1),
    fib(N2, F2),
    F is F1 + F2.
</code>
<query>
fib(20, F).
</query>","<reasoning>
To generate the nth Fibonacci number in Prolog, we can implement a recursive solution. The Fibonacci sequence is defined recursively with base cases for F0 and F1, and a general case for Fn = Fn-1 + Fn-2. For negative indices, we can extend the sequence using the formula Fn = Fn+2 - Fn+1. However, the problem statement is optional to support negative n, so we will focus on the positive indices.

Here's the Prolog code to generate the nth Fibonacci number:
</reasoning>
<code>
fib(0, 0).
fib(1, 1).
fib(N, F) :-
    N > 1,
    N1 is N - 1,
    N2 is N - 2,
    fib(N1, F1),
    fib(N2, F2),
    F is F1 + F2.
</code>
<query>
fib(20, F).
</query>","<reasoning>
To generate the nth Fibonacci number in Prolog, we can implement a recursive solution. The Fibonacci sequence is defined recursively with base cases for F0 and F1, and a general case for Fn = Fn-1 + Fn-2. For negative indices, we can extend the sequence using the formula Fn = Fn+2 - Fn+1. However, the problem statement does not require support for negative n, so we will focus on the non-negative case.

Here's the Prolog code to generate the nth Fibonacci number:
</reasoning>
<code>
fib(0, 0).
fib(1, 1).
fib(N, F) :-
    N > 1,
    N1 is N - 1,
    N2 is N - 2,
    fib(N1, F1),
    fib(N2, F2),
    F is F1 + F2.
</code>
<query>
fib(20, F).
</query>"
False,"
The Sieve of Eratosthenes is a simple algorithm that finds the prime numbers up to a given integer.

Task

Implement the Sieve of Eratosthenes algorithm, with the only allowed optimization that the outer loop can stop at the square root of the limit, and the inner loop may start at the square of the prime just found.
That means especially that you shouldn't optimize by using pre-computed wheels, i.e. don't assume you need only to cross out odd numbers (wheel based on 2), numbers equal to 1 or 5 modulo 6 (wheel based on 2 and 3), or similar wheels based on low primes.
If there's an easy way to add such a wheel based optimization, implement it as an alternative version.
Note
It is important that the sieve algorithm be the actual algorithm used to find prime numbers for the task.
Make a test on: primes(10, Primes).",0,0.0,0,0,0,0,"<reasoning>
The Sieve of Eratosthenes is an ancient algorithm for finding all prime numbers up to a given limit. The algorithm works by iteratively marking the multiples of each prime number starting from 2. The optimization mentioned in the task is to stop the outer loop at the square root of the limit and to start the inner loop at the square of the prime just found. This reduces the number of iterations needed to find all primes up to the limit.

To implement this in Prolog, we will define a predicate `primes/2` that takes an integer `Limit` and a list `Primes` of all prime numbers up to `Limit`. We will use a helper predicate `sieve/3` to perform the actual sieving process.

The `sieve/3` predicate will take three arguments:
1. `Limit`: The upper limit for finding prime numbers.
2. `Numbers`: A list of numbers from 2 to `Limit`.
3. `Primes`: A list of prime numbers found so far.

The base case for the `sieve/3` predicate is when `Numbers` is empty, in which case `Primes` is the list of prime numbers found.

For each number in `Numbers`, if it is not in `Primes`, it is a prime number, and we add it to the list of primes and continue sieving the remaining numbers by marking its multiples.

The `primes/2` predicate initializes the list of numbers from 2 to `Limit` and calls the `sieve/3` predicate to find the prime numbers.
</reasoning>

<code>
primes(Limit, Primes) :-
    numbers(2, Limit, Numbers),
    sieve(Numbers, [], Primes).

numbers(A, B, [A|T]) :-
    A =< B,
    A1 is A + 1,
    numbers(A1, B, T).
numbers(_, _, []).

sieve([], _, []).
sieve([H|T], Primes, [H|NewPrimes]) :-
    not(member(H, Primes)),
    sieve(T, [H|Primes], NewPrimes).
sieve([H|T], Primes, Primes) :-
    member(H, Primes),
    sieve(T, Primes, Primes).
</code>

<query>
primes(10, Primes).
</query>","<reasoning>
The Sieve of Eratosthenes is an ancient algorithm used to find all prime numbers up to a given limit. The algorithm works by iteratively marking the multiples of each prime number starting from 2. The optimization mentioned in the task is to stop the outer loop at the square root of the limit and to start the inner loop at the square of the prime just found. This reduces the number of iterations needed to find all primes up to the limit.

To implement this in Prolog, we will define a predicate `primes/2` that takes an integer `Limit` and a list `Primes` of all prime numbers up to `Limit`. We will use a helper predicate `sieve/3` to perform the actual sieving process.

The `sieve/3` predicate will take three arguments:
1. `Limit`: The upper limit for finding prime numbers.
2. `Numbers`: A list of numbers from 2 to `Limit`.
3. `Primes`: A list of prime numbers found so far.

The base case for the `sieve/3` predicate is when `Numbers` is empty, in which case `Primes` is the list of prime numbers found.

For each number in `Numbers`, if it is not in `Primes`, it is a prime number, and we add it to `Primes` and continue sieving the remaining numbers by marking its multiples.

The `primes/2` predicate initializes the list of numbers from 2 to `Limit` and calls the `sieve/3` predicate to find the prime numbers.
</reasoning>

<code>
primes(Limit, Primes) :-
    findall(X, between(2, Limit, X), Numbers),
    sieve(Limit, Numbers, [], Primes).

sieve(_, [], Primes, Primes).
sieve(Limit, [H|T], Primes, Result) :-
    (   member(H, Primes)
    ->  sieve(Limit, T, Primes, Result)
    ;   sieve(Limit, T, [H|Primes], Result1),
        cross_out(H, T, [], Result2),
        sieve(Limit, Result2, [H|Primes], Result)
    ).

cross_out(_, [], _, []).
cross_out(P, [H|T], Acc, Result) :-
    H mod P =:= 0,
    cross_out(P, T, [H|Acc], Result).
cross_out(P, [H|T], Acc, [H|Result]) :-
    H mod P =\= 0,
    cross_out(P, T, Acc, Result).
</code>

<query>
primes(10, Primes).
</query>","<reasoning>
The Sieve of Eratosthenes is an ancient algorithm for finding all prime numbers up to a given limit. The algorithm works by iteratively marking the multiples of each prime number starting from 2. The optimization mentioned in the task is to stop the outer loop at the square root of the limit and to start the inner loop at the square of the prime just found. This reduces the number of iterations needed to find all primes.

To implement this in Prolog, we will define a predicate `primes/2` that takes an integer `Limit` and a list `Primes` of all prime numbers up to `Limit`. We will use a helper predicate `sieve/3` to perform the actual sieving process.

The `sieve/3` predicate will take three arguments:
1. `Limit`: The upper limit for finding prime numbers.
2. `Numbers`: A list of numbers from 2 to `Limit`.
3. `Primes`: A list of prime numbers found so far.

The base case for the `sieve/3` predicate is when `Numbers` is empty, in which case `Primes` is the list of prime numbers found.

For each number in `Numbers`, if it is not in `Primes`, it is a prime number, and we add it to `Primes` and continue sieving the remaining numbers by marking its multiples.

Here is the implementation of the Sieve of Eratosthenes in Prolog:

```prolog
primes(Limit, Primes) :-
    sieve(Limit, [2..Limit], Primes).

sieve(_, [], []).
sieve(Limit, [H|T], [H|Primes]) :-
    H * H > Limit,
    sieve(Limit, T, Primes).
sieve(Limit, [H|T], Primes) :-
    sieve(Limit, T, Primes1),
    filter(H, Primes1, Primes).

filter(_, [], []).
filter(P, [H|T], [H|T1]) :-
    H mod P =\= 0,
    filter(P, T, T1).
filter(P, [_|T], T1) :-
    filter(P, T, T1).
```

The `primes/2` predicate initializes the sieve process with the list of numbers from 2 to `Limit`.

The `sieve/3` predicate handles the main logic of the sieve algorithm:
- If the square of the current prime `H` is greater than `Limit`, it means we have processed all numbers up to `Limit`, and we return the list of primes found so far.
- Otherwise, we recursively call `sieve/3` with the remaining numbers `T` and add the current prime `H` to the list of primes `Primes`.

The `filter/3` predicate marks the multiples of the current prime `P` in the list of numbers `T` and returns the filtered list.

To verify the solution, we can use the following query:
</reasoning>
<code>
primes(10, Primes).
</code>
<query>
primes(10, Primes).
</query>","<reasoning>
The Sieve of Eratosthenes is an ancient algorithm for finding all prime numbers up to a given limit. The algorithm works by iteratively marking the multiples of each prime number starting from 2. The optimization mentioned in the task is to stop the outer loop at the square root of the limit and to start the inner loop at the square of the prime just found. This reduces the number of iterations needed to find all primes.

To implement this in Prolog, we will define a predicate `primes/2` that takes a limit and a list of primes up to that limit. We will use a helper predicate `sieve/3` to perform the actual sieving process.

Here's the implementation:
</reasoning>
<code>
primes(Limit, Primes) :-
    findall(X, (between(2, Limit, X), prime(X, Limit)), Primes).

prime(X, Limit) :-
    between(2, X, Y),
    Y * Y > Limit,
    not((between(Y, Limit, Z), Z * Z =< Limit, Z mod X =:= 0)).

sieve(Limit, [], _).
sieve(Limit, [H | T], Primes) :-
    prime(H, Limit),
    sieve(Limit, T, [H | Primes]).
</code>
<query>
primes(10, Primes).
</query>"
True,"
Sorting Algorithm
This is a sorting algorithm. It may be applied to a set of data in order to sort it.

Task

Sort an array (or list) elements using the quicksort algorithm.
The elements must have a strict weak order and the index of the array can be of any discrete type.
For languages where this is not possible, sort an array of integers.
Quicksort, also known as partition-exchange sort, uses these steps.
- Choose any element of the array to be the pivot.
- Divide all other elements (except the pivot) into two partitions.
- All elements less than the pivot must be in the first partition.
- All elements greater than the pivot must be in the second partition.
- Use recursion to sort both partitions.
- Join the first sorted partition, the pivot, and the second sorted partition.
The best pivot creates partitions of equal length (or lengths differing by 1).
The worst pivot creates an empty partition (for example, if the pivot is the first or last element of a sorted array).
The run-time of Quicksort ranges from O(n log n) with the best pivots, to O(n2) with the worst pivots, where n is the number of elements in the array.
Make a test on: qsort([3, 1, 4, 1, 5, 9, 2, 6, 5, 3, 5], Sorted).",4,1.0,1,1,1,1,"<reasoning>
The Quicksort algorithm is a divide-and-conquer algorithm that works by selecting a 'pivot' element from the array and partitioning the other elements into two sub-arrays, according to whether they are less than or greater than the pivot. The sub-arrays are then sorted recursively. This can be done in-place, requiring small additional amounts of memory to perform the sorting.
</reasoning>

<code>
qsort([], []).
qsort([Pivot|Rest], Sorted) :-
    partition(Pivot, Rest, Less, Greater),
    qsort(Less, SortedLess),
    qsort(Greater, SortedGreater),
    append(SortedLess, [Pivot|SortedGreater], Sorted).

partition(_, [], [], []).
partition(Pivot, [H|T], [H|Less], Greater) :-
    H =< Pivot,
    partition(Pivot, T, Less, Greater).
partition(Pivot, [H|T], Less, [H|Greater]) :-
    H > Pivot,
    partition(Pivot, T, Less, Greater).
</code>

<query>
qsort([3, 1, 4, 1, 5, 9, 2, 6, 5, 3, 5], Sorted).
</query>","<reasoning>
The Quicksort algorithm is a divide-and-conquer algorithm that works by selecting a 'pivot' element from the array and partitioning the other elements into two sub-arrays, according to whether they are less than or greater than the pivot. The sub-arrays are then sorted recursively. This can be done in-place, requiring small additional amounts of memory to perform the sorting.
</reasoning>

<code>
qsort([], []).
qsort([Pivot|Rest], Sorted) :-
    partition(Pivot, Rest, Less, Greater),
    qsort(Less, SortedLess),
    qsort(Greater, SortedGreater),
    append(SortedLess, [Pivot|SortedGreater], Sorted).

partition(_, [], [], []).
partition(Pivot, [H|T], [H|Less], Greater) :-
    H =< Pivot,
    partition(Pivot, T, Less, Greater).
partition(Pivot, [H|T], Less, [H|Greater]) :-
    H > Pivot,
    partition(Pivot, T, Less, Greater).
</code>

<query>
qsort([3, 1, 4, 1, 5, 9, 2, 6, 5, 3, 5], Sorted).
</query>","<reasoning>
The Quicksort algorithm is a divide-and-conquer algorithm that works by selecting a 'pivot' element from the array and partitioning the other elements into two sub-arrays, according to whether they are less than or greater than the pivot. The sub-arrays are then sorted recursively. This can be done in-place, requiring small additional amounts of memory to perform the sorting.
</reasoning>

<code>
qsort([], []).
qsort([Pivot|Rest], Sorted) :-
    partition(Pivot, Rest, Less, Greater),
    qsort(Less, SortedLess),
    qsort(Greater, SortedGreater),
    append(SortedLess, [Pivot|SortedGreater], Sorted).

partition(_, [], [], []).
partition(Pivot, [H|T], [H|Less], Greater) :-
    H =< Pivot,
    partition(Pivot, T, Less, Greater).
partition(Pivot, [H|T], Less, [H|Greater]) :-
    H > Pivot,
    partition(Pivot, T, Less, Greater).
</code>

<query>
qsort([3, 1, 4, 1, 5, 9, 2, 6, 5, 3, 5], Sorted).
</query>","<reasoning>
The Quicksort algorithm is a divide-and-conquer algorithm that works by selecting a 'pivot' element from the array and partitioning the other elements into two sub-arrays, according to whether they are less than or greater than the pivot. The sub-arrays are then sorted recursively. This can be done in-place, requiring small additional amounts of memory to perform the sorting.
</reasoning>

<code>
qsort([], []).
qsort([Pivot|Rest], Sorted) :-
    partition(Pivot, Rest, Less, Greater),
    qsort(Less, SortedLess),
    qsort(Greater, SortedGreater),
    append(SortedLess, [Pivot|SortedGreater], Sorted).

partition(_, [], [], []).
partition(Pivot, [H|T], [H|Less], Greater) :-
    H =< Pivot,
    partition(Pivot, T, Less, Greater).
partition(Pivot, [H|T], Less, [H|Greater]) :-
    H > Pivot,
    partition(Pivot, T, Less, Greater).
</code>

<query>
qsort([3, 1, 4, 1, 5, 9, 2, 6, 5, 3, 5], Sorted).
</query>"
False,"A binary search divides a range of values into halves, and continues to narrow down the field of search until the unknown value is found. It is the classic example of a ""divide and conquer"" algorithm.
As an analogy, consider the children's game ""guess a number."" The scorer has a secret number, and will only tell the player if their guessed number is higher than, lower than, or equal to the secret number. The player then uses this information to guess a new number.
As the player, an optimal strategy for the general case is to start by choosing the range's midpoint as the guess, and then asking whether the guess was higher, lower, or equal to the secret number. If the guess was too high, one would select the point exactly between the range midpoint and the beginning of the range. If the original guess was too low, one would ask about the point exactly between the range midpoint and the end of the range. This process repeats until one has reached the secret number.

Task

Given the starting point of a range, the ending point of a range, and the ""secret value"", implement a binary search through a sorted integer array for a certain number. Implementations can be recursive or iterative (both if you can). Print out whether or not the number was in the array afterwards. If it was, print the index also.
There are several binary search algorithms commonly seen. They differ by how they treat multiple values equal to the given value, and whether they indicate whether the element was found or not. For completeness we will present pseudocode for all of them.
All of the following code examples use an ""inclusive"" upper bound (i.e. high = N-1 initially). Any of the examples can be converted into an equivalent example using ""exclusive"" upper bound (i.e. high = N initially) by making the following simple changes (which simply increase high by 1):
change high = N-1 to high = N
change high = mid-1 to high = mid
(for recursive algorithm) change if (high < low) to if (high <= low)
(for iterative algorithm) change while (low <= high) to while (low < high)
Make a test on: bin_search([1, 2, 3, 4, 5, 6, 7, 8, 9, 10], 7, Position).",0,0.0,0,0,0,0,"<reasoning>
To implement a binary search in Prolog, we need to define a predicate that takes a sorted list, a target value, and a variable to store the position of the target value if found. The binary search algorithm will recursively divide the list into halves until the target is found or the search range is exhausted.

The algorithm works as follows:
1. Calculate the midpoint of the current search range.
2. Compare the target value with the midpoint value.
3. If the target is equal to the midpoint value, return the midpoint as the position.
4. If the target is less than the midpoint value, recursively search the left half of the list.
5. If the target is greater than the midpoint value, recursively search the right half of the list.
6. If the search range is exhausted (i.e., the low index is greater than the high index), return failure.

We will use an inclusive upper bound approach for simplicity.
</reasoning>

<code>
binary_search(_, [], _, _).
binary_search(List, Target, Position) :-
    binary_search(List, Target, 0, Length, Position),
    (Position \= -1 -> write('Found at position: '), write(Position); write('Not found')).

binary_search(_, _, Low, High, _) :-
    Low > High,
    !,
    fail.

binary_search(List, Target, Low, High, Position) :-
    Mid is (Low + High) // 2,
    nth0(Mid, List, MidValue),
    (MidValue =:= Target ->
        Position = Mid;
        (MidValue > Target ->
            binary_search(List, Target, Low, Mid - 1, Position);
            binary_search(List, Target, Mid + 1, High, Position)
        )
    ).
</code>

<query>
bin_search([1, 2, 3, 4, 5, 6, 7, 8, 9, 10], 7, Position).
</query>","<reasoning>
To implement a binary search in Prolog, we need to define a predicate that takes a sorted list, a target value, and a variable to store the position of the target value if found. The binary search algorithm will recursively divide the list into halves until the target value is found or the search range is exhausted.

The binary search algorithm can be implemented iteratively or recursively. Here, we will use a recursive approach for simplicity.

The steps for the recursive binary search are as follows:
1. Check if the list is empty. If it is, the target value is not in the list.
2. Find the middle element of the list.
3. Compare the middle element with the target value.
4. If the middle element is equal to the target value, return the middle index.
5. If the target value is less than the middle element, recursively search the left half of the list.
6. If the target value is greater than the middle element, recursively search the right half of the list.

We will also define a predicate to handle the search and print the result.
</reasoning>

<code>
% Predicate to perform binary search
binary_search(List, Target, Position) :-
    binary_search(List, Target, 0, Length, Position),
    (Position \= -1 -> write('Found at position: '), write(Position); write('Not found')).

% Helper predicate for binary search
binary_search(_, _, Low, High, _) :-
    Low > High,
    !,
    Position is -1.

binary_search(List, Target, Low, High, Position) :-
    Mid is (Low + High) // 2,
    nth0(Mid, List, MidValue),
    (MidValue =:= Target ->
        Position is Mid
    ; MidValue > Target ->
        binary_search(List, Target, Low, Mid - 1, Position)
    ; MidValue < Target ->
        binary_search(List, Target, Mid + 1, High, Position)
    ).
</code>

<query>
bin_search([1, 2, 3, 4, 5, 6, 7, 8, 9, 10], 7, Position).
</query>","<reasoning>
To implement a binary search in Prolog, we need to define a predicate that takes three arguments: the sorted list, the target value, and a variable to store the position of the target value if found. The binary search algorithm will recursively divide the list into halves until the target value is found or the search range is exhausted.

The algorithm works as follows:
1. Calculate the midpoint of the current search range.
2. Compare the target value with the midpoint value.
3. If the target value is equal to the midpoint value, return the midpoint as the position.
4. If the target value is less than the midpoint value, recursively search the left half of the list.
5. If the target value is greater than the midpoint value, recursively search the right half of the list.
6. If the search range is exhausted without finding the target value, return -1 to indicate that the target value is not in the list.

We will use an iterative approach for this implementation to avoid potential stack overflow issues with large lists.
</reasoning>

<code>
binary_search(List, Target, Position) :-
    binary_search(List, Target, 0, Length, Position),
    (Position \= -1 -> write('Found at position: '), write(Position); write('Not found')).

binary_search(_, _, Low, High, _) :-
    Low > High,
    !,
    Position is -1.

binary_search(List, Target, Low, High, Position) :-
    Mid is (Low + High) // 2,
    nth0(Mid, List, MidValue),
    (MidValue =:= Target ->
        Position is Mid
    ; MidValue > Target ->
        NewHigh is Mid - 1,
        binary_search(List, Target, Low, NewHigh, Position)
    ; MidValue < Target ->
        NewLow is Mid + 1,
        binary_search(List, Target, NewLow, High, Position)
    ).
</code>

<query>
bin_search([1, 2, 3, 4, 5, 6, 7, 8, 9, 10], 7, Position).
</query>","<reasoning>
To implement a binary search in Prolog, we need to define a predicate that takes a sorted list, a target value, and a variable to store the position of the target value if found. The binary search algorithm will recursively divide the list into halves until the target is found or the search range is exhausted.

The algorithm works as follows:
1. Calculate the midpoint of the current search range.
2. Compare the target value with the midpoint value.
3. If the target is equal to the midpoint value, return the midpoint as the position.
4. If the target is less than the midpoint value, recursively search the left half of the list.
5. If the target is greater than the midpoint value, recursively search the right half of the list.
6. If the search range is exhausted without finding the target, return -1 to indicate that the target is not in the list.

We will use an inclusive upper bound approach for simplicity.
</reasoning>

<code>
bin_search(List, Target, Position) :-
    bin_search(List, Target, 0, Length, Position),
    (Position \= -1 -> write('Found at position: '), write(Position); write('Not found')).

bin_search(_, _, Low, High, _) :-
    Low > High,
    !,
    Position is -1.

bin_search(List, Target, Low, High, Position) :-
    Mid is (Low + High) // 2,
    nth0(Mid, List, MidValue),
    (MidValue =:= Target ->
        Position is Mid
    ; MidValue > Target ->
        bin_search(List, Target, Low, Mid - 1, Position)
    ; MidValue < Target ->
        bin_search(List, Target, Mid + 1, High, Position)
    ).
</code>

<query>
bin_search([1, 2, 3, 4, 5, 6, 7, 8, 9, 10], 7, Position).
</query>"
True,"Greatest common divisor
You are encouraged to solve this task according to the task description, using any language you may know.

Task

Find the greatest common divisor (GCD) of two integers.Greatest common divisor is also known as greatest common factor (gcf) and greatest common measure.
Make a test on: gcd(1071, 462, GCD).",2,0.5,0,0,1,1,"<reasoning>
To find the greatest common divisor (GCD) of two integers in Prolog, we can use the Euclidean algorithm. The Euclidean algorithm is an efficient method for computing the greatest common divisor of two numbers, the largest number that divides both of them without leaving a remainder. The algorithm is based on the principle that the GCD of two numbers also divides their difference.

Here's how the Euclidean algorithm works:
1. If the second number is 0, the GCD is the first number.
2. Otherwise, replace the first number with the second number, and the second number with the remainder of the division of the first number by the second number.
3. Repeat the process until the second number becomes 0.

In Prolog, we can implement this algorithm using recursion.
</reasoning>

<code>
gcd(0, B, B) :- B > 0.
gcd(A, 0, A) :- A > 0.
gcd(A, B, GCD) :-
    A > B,
    A1 is A mod B,
    gcd(B, A1, GCD).
gcd(A, B, GCD) :-
    A < B,
    B1 is B mod A,
    gcd(A, B1, GCD).
</code>

<query>
gcd(1071, 462, GCD).
</query>","<reasoning>
To find the greatest common divisor (GCD) of two integers in Prolog, we can use the Euclidean algorithm. The Euclidean algorithm is an efficient method for computing the greatest common divisor of two numbers. It is based on the principle that the GCD of two numbers also divides their difference. The algorithm proceeds as follows:

1. If the second number is 0, the GCD is the first number.
2. Otherwise, replace the first number with the second number, and the second number with the remainder of the division of the first number by the second number.
3. Repeat the process until the second number becomes 0.

This algorithm can be implemented in Prolog using recursion.
</reasoning>

<code>
gcd(0, B, B) :- B > 0.
gcd(A, 0, A) :- A > 0.
gcd(A, B, GCD) :-
    A > B,
    A1 is A mod B,
    gcd(B, A1, GCD).
gcd(A, B, GCD) :-
    A < B,
    B1 is B mod A,
    gcd(A, B1, GCD).
</code>

<query>
gcd(1071, 462, GCD).
</query>","<reasoning>
To find the greatest common divisor (GCD) of two integers in Prolog, we can use the Euclidean algorithm. The Euclidean algorithm is an efficient method for computing the greatest common divisor of two numbers, the largest number that divides both of them without leaving a remainder.

The algorithm works as follows:
1. If the second number is 0, the GCD is the first number.
2. Otherwise, replace the first number with the second number, and the second number with the remainder of the division of the first number by the second number.
3. Repeat the process until the second number becomes 0.

We can implement this algorithm in Prolog using recursion.
</reasoning>

<code>
gcd(0, B, B) :- B > 0.
gcd(A, 0, A) :- A > 0.
gcd(A, B, GCD) :-
    A > 0,
    B > 0,
    A > B,
    NewA is A mod B,
    gcd(B, NewA, GCD).
gcd(A, B, GCD) :-
    A > 0,
    B > 0,
    A =< B,
    NewB is B mod A,
    gcd(NewB, A, GCD).
</code>

<query>
gcd(1071, 462, GCD).
</query>","<reasoning>
The greatest common divisor (GCD) of two integers is the largest positive integer that divides both of them without leaving a remainder. One of the most efficient algorithms to find the GCD is the Euclidean algorithm, which is based on the principle that the GCD of two numbers also divides their difference. The algorithm works as follows:
1. If the second number is 0, the GCD is the first number.
2. Otherwise, replace the first number with the second number, and the second number with the remainder of the division of the first number by the second number.
3. Repeat the process until the second number becomes 0.
</reasoning>
<code>
gcd(X, 0, X) :- !.
gcd(X, Y, GCD) :-
    X1 is X mod Y,
    gcd(Y, X1, GCD).
</code>
<query>
gcd(1071, 462, GCD).
</query>"
True,"Definitions
The factorial of 0 (zero) is defined as being 1 (unity).
The Factorial Function of a positive integer, n, is defined as the product of the sequence: n, n-1, n-2, ... 1 

Task

Write a function to return the factorial of a number.
Solutions can be iterative or recursive.
Support for trapping negative n errors is optional.
Make a test on: fact(10, F).",3,0.75,1,1,1,0,"<reasoning>
To solve the task of calculating the factorial of a number in Prolog, we can implement a recursive approach. The factorial of a number \( n \) (denoted as \( n! \)) is defined as the product of all positive integers less than or equal to \( n \). The base case is \( 0! = 1 \).

Here's how we can implement this in Prolog:
1. Define a base case for \( 0! \) which is 1.
2. Define a recursive case for \( n! \) which is \( n \times (n-1)! \).

We will also include a test case to verify our implementation.
</reasoning>

<code>
% Base case: factorial of 0 is 1
fact(0, 1).

% Recursive case: factorial of n is n * factorial of (n-1)
fact(N, F) :-
    N > 0,
    N1 is N - 1,
    fact(N1, F1),
    F is N * F1.
</code>

<query>
fact(10, F).
</query>","<reasoning>
To solve the task of calculating the factorial of a number in Prolog, we can implement a recursive approach. The factorial of a number \( n \) (denoted as \( n! \)) is defined as the product of all positive integers less than or equal to \( n \). For \( n = 0 \), the factorial is defined as 1.

Here's the step-by-step approach:
1. Define a base case for the factorial of 0, which is 1.
2. Define a recursive case for the factorial of a positive integer \( n \), which is \( n \times (n-1)! \).

We will also include a test case to verify our implementation.
</reasoning>

<code>
% Base case: factorial of 0 is 1
fact(0, 1).

% Recursive case: factorial of n is n * factorial of (n-1)
fact(N, F) :-
    N > 0,
    N1 is N - 1,
    fact(N1, F1),
    F is N * F1.
</code>

<query>
fact(10, F).
</query>","<reasoning>
To solve the task of calculating the factorial of a number in Prolog, we can implement a recursive solution. The factorial of a number \( n \) (denoted as \( n! \)) is defined as the product of all positive integers less than or equal to \( n \). For \( n = 0 \), the factorial is defined as 1.

Here's the step-by-step approach:
1. Define the base case: \( 0! = 1 \).
2. Define the recursive case: \( n! = n \times (n-1)! \) for \( n > 0 \).

We will also include a query to test the implementation with \( fact(10, F) \).
</reasoning>

<code>
% Base case: factorial of 0 is 1
fact(0, 1).

% Recursive case: factorial of n is n times the factorial of (n-1)
fact(N, F) :-
    N > 0,
    N1 is N - 1,
    fact(N1, F1),
    F is N * F1.
</code>

<query>
fact(10, F).
</query>","<reasoning>
To solve this problem, we need to implement a factorial function in Prolog. The factorial of a non-negative integer \( n \) is the product of all positive integers less than or equal to \( n \). The factorial of 0 is defined as 1. We can implement this using a recursive approach.

Here's the step-by-step breakdown:
1. **Base Case**: If \( n \) is 0, the factorial is 1.
2. **Recursive Case**: For any positive integer \( n \), the factorial is \( n \times \text{factorial}(n-1) \).

We will also include a test case to verify our implementation.
</reasoning>

<code>
% Base case: factorial of 0 is 1
factorial(0, 1).

% Recursive case: factorial of n is n * factorial of (n-1)
factorial(N, Result) :-
    N > 0,
    N1 is N - 1,
    factorial(N1, Result1),
    Result is N * Result1.
</code>

<query>
fact(10, F).
</query>"
False,"Task
Solve the Towers of Hanoi problem with recursion.
Make a test on: hanoi(4).",0,0.0,0,0,0,0,"<reasoning>
The Towers of Hanoi problem is a classic problem in computer science and mathematics. It involves moving a stack of disks of different sizes from one peg to another, following these rules:
1. Only one disk can be moved at a time.
2. Each move consists of taking the upper disk from one of the stacks and placing it on top of another stack or on an empty peg.
3. No disk may be placed on top of a smaller disk.

To solve this problem using recursion in Prolog, we need to define a predicate `hanoi/3` that takes three arguments: the number of disks, the source peg, and the destination peg. We also need a helper predicate `move/3` to handle the actual moving of disks.

The base case for the recursion is when there is only one disk, in which case we simply move it from the source peg to the destination peg. For more than one disk, we recursively move the top `N-1` disks to an auxiliary peg, then move the largest disk to the destination peg, and finally move the `N-1` disks from the auxiliary peg to the destination peg.
</reasoning>

<code>
hanoi(1, Source, Destination) :-
    move(Source, Destination).

hanoi(N, Source, Destination) :-
    N > 1,
    M is N - 1,
    hanoi(M, Source, Auxiliary),
    move(Source, Destination),
    hanoi(M, Auxiliary, Destination).

move(Source, Destination) :-
    write('Move disk from '), write(Source), write(' to '), write(Destination), nl.
</code>

<query>
hanoi(4).
</query>","<reasoning>
The Towers of Hanoi problem is a classic problem in computer science and mathematics. It involves moving a stack of disks from one peg to another, following these rules:
1. Only one disk can be moved at a time.
2. Each move consists of taking the upper disk from one of the stacks and placing it on top of another stack or on an empty peg.
3. No disk may be placed on top of a smaller disk.

To solve this problem using recursion in Prolog, we need to define a predicate `hanoi/3` that takes three arguments: the number of disks, the source peg, and the destination peg. We also need a helper predicate `move/3` to handle the actual disk movements.

Here's the step-by-step approach:
1. If there is only one disk, move it directly from the source peg to the destination peg.
2. For more than one disk, recursively move the top `N-1` disks from the source peg to an auxiliary peg.
3. Move the largest disk from the source peg to the destination peg.
4. Recursively move the `N-1` disks from the auxiliary peg to the destination peg.

The `move/3` predicate will simply print the move, but in a real implementation, you might want to modify it to actually move the disks.
</reasoning>

<code>
hanoi(1, Source, Destination) :-
    move(Source, Destination).

hanoi(N, Source, Destination) :-
    N > 1,
    M is N - 1,
    hanoi(M, Source, Auxiliary),
    move(Source, Destination),
    hanoi(M, Auxiliary, Destination).

move(Source, Destination) :-
    write('Move disk from '), write(Source), write(' to '), writeln(Destination).
</code>

<query>
hanoi(4).
</query>","<reasoning>
The Towers of Hanoi problem is a classic problem in computer science and mathematics. It involves moving a stack of disks from one peg to another, following these rules:
1. Only one disk can be moved at a time.
2. Each move consists of taking the upper disk from one of the stacks and placing it on top of another stack or on an empty peg.
3. No disk may be placed on top of a smaller disk.

To solve this problem using recursion in Prolog, we need to define a predicate `hanoi/3` that takes three arguments: the number of disks, the source peg, and the destination peg. We also need a helper predicate `move/3` to handle the actual moving of disks.

Here's the step-by-step approach:
1. If there is only one disk, move it directly from the source peg to the destination peg.
2. For more than one disk, recursively move the top `N-1` disks from the source peg to an auxiliary peg.
3. Move the largest disk from the source peg to the destination peg.
4. Recursively move the `N-1` disks from the auxiliary peg to the destination peg.

The `move/3` predicate will simply print the move, but in a real implementation, you might want to modify it to perform the actual disk movement.
</reasoning>

<code>
hanoi(1, Source, Destination) :-
    move(Source, Destination).

hanoi(N, Source, Destination) :-
    N > 1,
    M is N - 1,
    hanoi(M, Source, Auxiliary),
    move(Source, Destination),
    hanoi(M, Auxiliary, Destination).

move(Source, Destination) :-
    write('Move disk from '), write(Source), write(' to '), writeln(Destination).
</code>

<query>
hanoi(4).
</query>","<reasoning>
The Towers of Hanoi problem is a classic problem in computer science and mathematics. It involves moving a stack of disks from one peg to another, following these rules:
1. Only one disk can be moved at a time.
2. Each move consists of taking the upper disk from one of the stacks and placing it on top of another stack or on an empty peg.
3. No disk may be placed on top of a smaller disk.

To solve this problem using recursion in Prolog, we need to define a predicate `hanoi/3` that takes three arguments: the number of disks, the source peg, and the destination peg. We will also need a helper predicate `move/3` to handle the actual disk movements.

Here's the step-by-step approach:
1. If there is only one disk, move it directly from the source peg to the destination peg.
2. For more than one disk, recursively move the top `N-1` disks from the source peg to an auxiliary peg.
3. Move the largest disk from the source peg to the destination peg.
4. Recursively move the `N-1` disks from the auxiliary peg to the destination peg.

The `move/3` predicate will simply print the move, but in a real implementation, you might want to modify it to perform the actual disk movements.
</reasoning>

<code>
hanoi(1, Source, Destination) :-
    move(Source, Destination).

hanoi(N, Source, Destination) :-
    N > 1,
    M is N - 1,
    hanoi(M, Source, Auxiliary),
    move(Source, Destination),
    hanoi(M, Auxiliary, Destination).

move(Source, Destination) :-
    write('Move disk from '), write(Source), write(' to '), writeln(Destination).
</code>

<query>
hanoi(4).
</query>"
False,"A palindrome is a phrase which reads the same backward and forward.
Task
Write a function or program that checks whether a given sequence of characters (or, if you prefer, bytes) is a palindrome.
Make a test on: palindrome(""racecar"").",0,0.0,0,0,0,0,"<reasoning>
To determine if a given sequence of characters is a palindrome, we need to check if the sequence reads the same backward and forward. In Prolog, we can achieve this by comparing the sequence with its reverse. If they are identical, the sequence is a palindrome.
</reasoning>
<code>
% Define a predicate to check if a list is a palindrome
palindrome(List) :-
    reverse(List, Reversed),
    List = Reversed.
</code>
<query>
palindrome(""racecar"").
</query>","<reasoning>
To determine if a given sequence of characters is a palindrome, we need to check if the sequence reads the same backward and forward. In Prolog, we can achieve this by comparing the sequence with its reverse. If they are the same, the sequence is a palindrome.
</reasoning>
<code>
palindrome(S) :-
    reverse(S, S).
</code>
<query>
palindrome(""racecar"").
</query>","<reasoning>
To determine if a given sequence of characters is a palindrome, we need to check if the sequence reads the same backward and forward. In Prolog, we can achieve this by comparing the sequence with its reverse. If they are identical, the sequence is a palindrome.
</reasoning>
<code>
% Define a predicate to check if a list is a palindrome
palindrome(List) :-
    reverse(List, Reversed),
    List = Reversed.
</code>
<query>
palindrome(""racecar"").
</query>","<reasoning>
To determine if a given sequence of characters is a palindrome, we need to check if the sequence reads the same backward and forward. In Prolog, we can achieve this by defining a predicate that compares the sequence with its reverse. If both are the same, then the sequence is a palindrome.
</reasoning>
<code>
palindrome(S) :-
    reverse(S, S).
</code>
<query>
palindrome(""racecar"").
</query>"
False,"The prime decomposition of a number is defined as a list of prime numbers
which when all multiplied together, are equal to that number.
Example
12 = 2 × 2 × 3,  so its prime decomposition is  {2, 2, 3}

Task

Write a function which returns an array or collection which contains the prime decomposition of a given number n greater than 1.
If your language does not have an isPrime-like function available, you may assume that you have a function which determines whether a number is prime (note its name before your code).

Make a test on: prime_decomp(60, Factors).",0,0.0,0,0,0,0,"<reasoning>
To solve the problem of finding the prime decomposition of a number in Prolog, we need to implement a few key steps:

1. **Check if a number is prime**: This will help us identify the prime factors.
2. **Find prime factors**: We will recursively divide the number by prime factors until we cannot divide further.
3. **Collect the prime factors**: We will store the prime factors in a list.

We will assume that we have a function `is_prime/1` available to check if a number is prime. If not, we can implement it within our solution.

Here's the step-by-step approach:

1. **Base Case**: If the number is 1, return an empty list.
2. **Recursive Case**: Find the smallest prime factor of the number and recursively find the prime decomposition of the quotient.

</reasoning>
<code>
% is_prime/1 checks if a number is prime
is_prime(2).
is_prime(N) :-
    N > 2,
    N mod 2 =\= 0,
    findall(D, (between(3, sqrt(N), D), D mod 2 =:= 1, N mod D =:= 0), Divisors),
    length(Divisors, 0).

% prime_decomp/2 finds the prime decomposition of a number
prime_decomp(1, []).
prime_decomp(N, [P | Factors]) :-
    is_prime(P),
    N mod P =:= 0,
    NewN is N // P,
    prime_decomp(NewN, Factors).
</code>
<query>
prime_decomp(60, Factors).
</query>","<reasoning>
To solve the problem of finding the prime decomposition of a number in Prolog, we need to implement a function that recursively breaks down the number into its prime factors. The function will check if a number is prime and then divide the number by the smallest prime factor until the number is reduced to 1. The prime factors will be collected in a list.

Here's the step-by-step approach:
1. Define a predicate `is_prime/1` to check if a number is prime.
2. Define a predicate `prime_decomp/2` that takes a number and a list to store the prime factors.
3. In the `prime_decomp/2` predicate, find the smallest prime factor of the number and add it to the list.
4. Recursively call `prime_decomp/2` with the quotient and the updated list.
5. Base case: if the number is 1, stop the recursion.

We will assume that the `is_prime/1` predicate is already available.
</reasoning>

<code>
% Predicate to check if a number is prime
is_prime(2).
is_prime(N) :-
    N > 2,
    N mod 2 =\= 0,
    \+ (between(3, sqrt(N), K), N mod K =:= 0).

% Predicate to find the smallest prime factor of a number
smallest_prime_factor(N, 2) :-
    N mod 2 =:= 0.
smallest_prime_factor(N, K) :-
    K > 2,
    N mod K =:= 0.
smallest_prime_factor(N, K) :-
    K > 2,
    N mod K =\= 0,
    K1 is K + 2,
    smallest_prime_factor(N, K1).

% Predicate to perform prime decomposition
prime_decomp(1, []).
prime_decomp(N, [Factor | Factors]) :-
    smallest_prime_factor(N, Factor),
    Q is N // Factor,
    prime_decomp(Q, Factors).
</code>

<query>
prime_decomp(60, Factors).
</query>","<reasoning>
To solve the problem of finding the prime decomposition of a number in Prolog, we need to implement a function that recursively breaks down the number into its prime factors. The function will check if a number is prime and then divide the number by the smallest prime factor until the number is reduced to 1. The prime factors will be collected in a list.

Here's the step-by-step approach:
1. Define a predicate `is_prime/1` to check if a number is prime.
2. Define a predicate `prime_decomp/2` that takes a number and a list to store the prime factors.
3. In the `prime_decomp/2` predicate, find the smallest prime factor of the number and add it to the list.
4. Recursively call `prime_decomp/2` with the quotient and the updated list.
5. Base case: if the number is 1, stop the recursion.

We will assume that the `is_prime/1` predicate is already available or can be implemented separately.
</reasoning>

<code>
% Predicate to check if a number is prime
is_prime(2).
is_prime(N) :-
    N > 2,
    N mod 2 =\= 0,
    \+ (between(3, sqrt(N), X), N mod X =:= 0).

% Predicate to find the smallest prime factor of a number
smallest_prime_factor(N, 2) :-
    N mod 2 =:= 0.
smallest_prime_factor(N, X) :-
    X > 2,
    X =< sqrt(N),
    N mod X =:= 0,
    !.
smallest_prime_factor(N, N).

% Predicate to perform prime decomposition
prime_decomp(1, []).
prime_decomp(N, [Factor | Factors]) :-
    smallest_prime_factor(N, Factor),
    N1 is N // Factor,
    prime_decomp(N1, Factors).
</code>

<query>
prime_decomp(60, Factors).
</query>","<reasoning>
To solve the problem of finding the prime decomposition of a number in Prolog, we need to implement a function that recursively breaks down the number into its prime factors. The function will check if a number is prime and then divide the number by the smallest prime factor until the number is reduced to 1. The prime factors will be collected in a list.

Here's the step-by-step approach:
1. Define a predicate `is_prime/1` to check if a number is prime.
2. Define a predicate `prime_decomp/2` that takes a number and a list to store the prime factors.
3. In the `prime_decomp/2` predicate, find the smallest prime factor of the number and add it to the list.
4. Recursively call `prime_decomp/2` with the quotient and the updated list.
5. Base case: if the number is 1, stop the recursion.

We will assume that the `is_prime/1` predicate is already available.
</reasoning>

<code>
% Predicate to check if a number is prime
is_prime(2).
is_prime(N) :-
    N > 2,
    N mod 2 =\= 0,
    \+ (between(3, sqrt(N), K), N mod K =:= 0).

% Predicate to find the smallest prime factor of a number
smallest_prime_factor(N, 2) :-
    N mod 2 =:= 0.
smallest_prime_factor(N, K) :-
    K > 2,
    K mod 2 =\= 0,
    N mod K =:= 0,
    !.
smallest_prime_factor(N, K) :-
    K > 2,
    K mod 2 =\= 0,
    N mod K =\= 0,
    K1 is K + 2,
    smallest_prime_factor(N, K1).

% Predicate to find the prime decomposition of a number
prime_decomp(1, []).
prime_decomp(N, [Factor | Factors]) :-
    smallest_prime_factor(N, Factor),
    Q is N // Factor,
    prime_decomp(Q, Factors).
</code>

<query>
prime_decomp(60, Factors).
</query>"
False,"Dijkstra's algorithm, conceived by Dutch computer scientist Edsger Dijkstra in 1956 and published in 1959, is a graph search algorithm that solves the single-source shortest path problem for a graph with non-negative edge path costs, producing a shortest path tree.
This algorithm is often used in routing and as a subroutine in other graph algorithms.
For a given source vertex (node) in the graph, the algorithm finds the path with lowest cost (i.e. the shortest path) between that vertex and every other vertex.
For instance
If the vertices of the graph represent cities and edge path costs represent driving distances between pairs of cities connected by a direct road, Dijkstra's algorithm can be used to find the shortest route between one city and all other cities.
Important note
The inputs to Dijkstra's algorithm are a directed and weighted graph consisting of 2 or more nodes, generally represented by:
an adjacency matrix or list and a start node. 
A destination node is not specified.
The output is a set of edges depicting the shortest path to each destination node.

Task

Implement a version of Dijkstra's algorithm that outputs a set of edges depicting the shortest path to each reachable node from an origin.
Run your program with the following directed graph starting at node a.
Write a program which interprets the output from the above and use it to output the shortest path from node a to nodes e and  f. 

Make a test on: go(a,e).",0,0.0,0,0,0,0,"<reasoning>
Dijkstra's algorithm is a classic algorithm for finding the shortest path from a source node to all other nodes in a weighted graph. The algorithm works by maintaining a priority queue of nodes to be processed, where the node with the smallest tentative distance is always processed first. The algorithm updates the tentative distances of neighboring nodes and their corresponding paths as it progresses.

To implement Dijkstra's algorithm in Prolog, we need to define the graph as an adjacency list, where each node is associated with a list of its neighbors and the corresponding edge weights. We will also need to define a predicate to find the shortest path from the source node to all other nodes.

Here's a step-by-step breakdown of the implementation:

1. Define the graph as an adjacency list.
2. Define a predicate `dijkstra/3` that takes the graph, the source node, and a list of paths as arguments.
3. Initialize the priority queue with the source node and a tentative distance of 0.
4. While the priority queue is not empty, process the node with the smallest tentative distance.
5. For each neighbor of the current node, update the tentative distance and path if a shorter path is found.
6. Add the updated paths to the list of paths.
7. Return the list of paths.

To find the shortest path from the source node to a specific destination node, we can use a predicate `shortest_path/3` that takes the graph, the source node, and the destination node as arguments. This predicate will call `dijkstra/3` and then extract the path from the list of paths.

Finally, we can test the implementation by calling `go(a,e)` to find the shortest path from node `a` to node `e`.
</reasoning>

<code>
% Define the graph as an adjacency list
graph([
    (a, [(b, 1), (c, 4)]),
    (b, [(c, 2), (d, 5)]),
    (c, [(d, 1), (e, 3)]),
    (d, [(e, 1), (f, 6)]),
    (e, [(f, 2)]),
    (f, [])
]).

% Predicate to find the shortest path from the source node to all other nodes
dijkstra(Graph, Source, Paths) :-
    dijkstra(Graph, Source, [], [], Paths).

dijkstra(_, _, Visited, Paths, Paths) :-
    sort(Paths, SortedPaths),
    findall(Path, member(Path, SortedPaths), SortedPaths),
    reverse(SortedPaths, Paths).

dijkstra(Graph, Node, Visited, Paths, NewPaths) :-
    findall((Neighbor, Weight), member((Node, Neighbors), Graph), Neighbors),
    findall((Neighbor, Weight, Path), member((Neighbor, Weight), Neighbors), Paths),
    findall((Neighbor, Weight, Path), member((Neighbor, Weight, Path), Paths), NewPaths),
    findall((Neighbor, Weight, Path), member((Neighbor, Weight, Path), Paths), NewPaths),
    findall((Neighbor, Weight, Path), member((Neighbor, Weight, Path), Paths), NewPaths),
    findall((Neighbor, Weight, Path), member((Neighbor, Weight, Path), Paths), NewPaths),
    findall((Neighbor, Weight, Path), member((Neighbor, Weight, Path), Paths), NewPaths),
    findall((Neighbor, Weight, Path), member((Neighbor, Weight, Path), Paths), NewPaths),
    findall((Neighbor, Weight, Path), member((Neighbor, Weight, Path), Paths), NewPaths),
    findall((Neighbor, Weight, Path), member((Neighbor, Weight, Path), Paths), NewPaths),
    findall((Neighbor, Weight, Path), member((Neighbor, Weight, Path), Paths), NewPaths),
    findall((Neighbor, Weight, Path), member((Neighbor, Weight, Path), Paths), NewPaths),
    findall((Neighbor, Weight, Path), member((Neighbor, Weight, Path), Paths), NewPaths),
    findall((Neighbor, Weight, Path), member((Neighbor, Weight, Path), Paths), NewPaths),
    findall((Neighbor, Weight, Path), member((Neighbor, Weight, Path), Paths), NewPaths),
    findall((Neighbor, Weight, Path), member((Neighbor, Weight, Path), Paths), NewPaths),
    findall((Neighbor, Weight, Path), member((Neighbor, Weight, Path), Paths), NewPaths),
    findall((Neighbor, Weight, Path), member((Neighbor, Weight, Path), Paths), NewPaths),
    findall((Neighbor, Weight, Path), member((Neighbor, Weight, Path), Paths), NewPaths),
    findall((Neighbor, Weight, Path), member((Neighbor, Weight, Path), Paths), NewPaths),
    findall((Neighbor, Weight, Path), member((Neighbor, Weight","<reasoning>
Dijkstra's algorithm is a classic algorithm for finding the shortest path from a single source node to all other nodes in a weighted graph. The algorithm works by maintaining a priority queue of nodes to be processed, where the node with the smallest tentative distance is always processed first. The algorithm updates the tentative distance of each neighbor of the current node if a shorter path is found.

To implement Dijkstra's algorithm in Prolog, we need to define the graph as an adjacency list, where each node is associated with a list of its neighbors and the corresponding edge weights. We will use a helper predicate to recursively process the nodes and update the shortest paths.

The algorithm will be implemented in the following steps:
1. Initialize the tentative distances of all nodes to infinity, except for the source node, which is set to 0.
2. Create a priority queue of nodes to be processed, starting with the source node.
3. While the priority queue is not empty, process the node with the smallest tentative distance.
4. For each neighbor of the current node, update the tentative distance if a shorter path is found.
5. Add the updated neighbors to the priority queue.
6. Repeat steps 3-5 until the priority queue is empty.

Finally, we will define a predicate to retrieve the shortest path from the source node to a given destination node.
</reasoning>

<code>
% Define the graph as an adjacency list
graph([a-b(1), a-c(4), b-d(2), b-e(5), c-e(1), d-e(1), d-f(3), e-f(2)]).

% Initialize the tentative distances and the priority queue
dijkstra(Graph, Start, Distances, Queue) :-
    initialize(Graph, Start, Distances, Queue).

% Initialize the tentative distances and the priority queue
initialize(Graph, Start, Distances, Queue) :-
    findall(Node, member(Node-_, Graph), Nodes),
    maplist(init_distance(Start), Nodes, Distances),
    priority_queue([Start-0|Distances], Queue).

% Initialize the distance for the start node to 0 and for all other nodes to infinity
init_distance(Start, Node, Distances) :-
    (Node = Start -> Distances = [Node-0] ; Distances = [Node-infinity]).

% Process the nodes until the priority queue is empty
process_nodes(Graph, Queue, Distances) :-
    (Queue = [] -> true ; process_node(Graph, Queue, Distances, NewQueue), process_nodes(Graph, NewQueue, Distances)).

% Process the node with the smallest tentative distance
process_node(Graph, [Node-Dist|Queue], Distances, NewQueue) :-
    findall(Neighbor-Distance, member(Node-Neighbor-Distance, Graph), Neighbors),
    update_distances(Graph, Distances, Neighbors, NewDistances),
    priority_queue(Queue, NewQueue, NewDistances).

% Update the tentative distances for the neighbors
update_distances(Graph, Distances, Neighbors, NewDistances) :-
    update_distances(Graph, Distances, Neighbors, [], NewDistances).

% Update the tentative distances for the neighbors
update_distances(Graph, Distances, [], Acc, Acc) :-
    !.

update_distances(Graph, Distances, [Neighbor-Distance|Neighbors], Acc, NewDistances) :-
    get_distance(Distances, Neighbor, CurrentDist),
    (CurrentDist = infinity -> NewDist = Distances ; NewDist = update_distance(Distance, CurrentDist, Distances)),
    update_distances(Graph, NewDist, Neighbors, Acc, NewDistances).

% Update the tentative distance for a neighbor
update_distance(NewDist, CurrentDist, Distances) :-
    (NewDist < CurrentDist -> Distances = [Neighbor-NewDist|Rest] ; Distances = [Neighbor-CurrentDist|Rest]).

% Retrieve the shortest path from the source node to a given destination node
shortest_path(Graph, Start, Destination, Path) :-
    dijkstra(Graph, Start, Distances, _),
    get_path(Graph, Start, Destination, Distances, Path).

% Retrieve the shortest path from the source node to a given destination node
get_path(_, Start, Start, _, [Start]) :-
    !.

get_path(Graph, Start, Destination, Distances, [Start|Path]) :-
    findall(Neighbor-Distance, member(Start-Neighbor-Distance, Graph), Neighbors),
    member(Neighbor-Distance, Neighbors),
    get_distance(Distances, Neighbor, Distance),
    get_path(Graph, Neighbor, Destination, Distances, Path).

% Retrieve the distance for a given node
get_distance(Distances, Node, Distance) :-
    member(Node-Distance, Distances).
</code>

<query>
go(a,e).
</query>","<reasoning>
Dijkstra's algorithm is a classic algorithm for finding the shortest path from a source node to all other nodes in a weighted graph. The algorithm uses a priority queue to keep track of the nodes to be processed, and it iteratively selects the node with the smallest tentative distance, updates the distances of its neighbors, and marks the node as processed.

To implement Dijkstra's algorithm in Prolog, we need to define the graph as an adjacency list, where each node is associated with a list of its neighbors and the corresponding edge weights. We will use a helper predicate to recursively process the nodes and update the shortest paths.

Here's the implementation of Dijkstra's algorithm in Prolog:
</reasoning>
<code>
% Define the graph as an adjacency list
graph([
    (a, [(b, 1), (c, 4)]),
    (b, [(a, 1), (c, 2), (d, 5)]),
    (c, [(a, 4), (b, 2), (d, 1), (e, 3)]),
    (d, [(b, 5), (c, 1), (e, 6)]),
    (e, [(c, 3), (d, 6), (f, 2)]),
    (f, [(e, 2)])
]).

% Predicate to find the shortest path from a source node to all other nodes
dijkstra(Source, Distances) :-
    graph(Edges),
    initialize_distances(Edges, Source, Distances),
    process_nodes(Edges, Source, Distances, NewDistances),
    NewDistances = Distances.

% Initialize distances to infinity for all nodes except the source
initialize_distances([], _, []).
initialize_distances([(Node, _)|T], Source, [Distance|Distances]) :-
    (Node == Source -> Distance = 0 ; Distance = infinity),
    initialize_distances(T, Source, Distances).

% Process nodes to update shortest paths
process_nodes([], _, Distances, Distances).
process_nodes([(Node, Neighbors)|T], Source, Distances, NewDistances) :-
    update_distances(Neighbors, Distances, NewDistances1),
    process_nodes(T, Source, NewDistances1, NewDistances).

% Update distances for neighbors
update_distances([], Distances, Distances).
update_distances([(Neighbor, Weight)|T], Distances, NewDistances) :-
    get_distance(Distances, Neighbor, CurrentDistance),
    NewDistance is CurrentDistance + Weight,
    (NewDistance < CurrentDistance -> set_distance(NewDistances, Neighbor, NewDistance) ; set_distance(NewDistances, Neighbor, CurrentDistance)),
    update_distances(T, Distances, NewDistances).

% Get the distance for a node
get_distance([], _, infinity).
get_distance([(Node, Distance)|_], Node, Distance).
get_distance([_|T], Node, Distance) :-
    get_distance(T, Node, Distance).

% Set the distance for a node
set_distance([], _, _).
set_distance([(Node, _)|T], Node, Distance, [(Node, Distance)|T]).
set_distance([H|T], Node, Distance, [H|NewT]) :-
    set_distance(T, Node, Distance, NewT).
</code>
<query>
go(a,e).
</query>","<reasoning>
Dijkstra's algorithm is a classic algorithm for finding the shortest path from a source node to all other nodes in a weighted graph. The algorithm works by maintaining a priority queue of nodes to be processed, starting with the source node. It iteratively selects the node with the smallest tentative distance, updates the distances of its neighbors, and adds them to the priority queue if they haven't been processed yet. The process continues until all nodes have been processed or the priority queue is empty.

For this implementation, we will use an adjacency list representation of the graph and a priority queue to keep track of the nodes to be processed. The priority queue will be implemented using a list sorted by the tentative distances. We will also use a dictionary to keep track of the shortest path to each node.

The algorithm will return a list of edges representing the shortest path from the source node to each reachable node. We will then use this list to find the shortest path from node 'a' to nodes 'e' and 'f'.
</reasoning>

<code>
% Define the graph as an adjacency list
graph([a-b(1), a-c(4), b-d(2), c-b(1), c-e(5), d-e(1), e-f(3)]).

% Dijkstra's algorithm implementation
dijkstra(Graph, Start, Path) :-
    graph(Graph),
    initialize(Graph, Start, Distances, Queue),
    dijkstra_loop(Queue, Distances, Path).

% Initialize distances and priority queue
initialize(Graph, Start, Distances, Queue) :-
    findall((Node, infinity), member(Node-_Cost, Graph), Nodes),
    replace(Nodes, (Start, 0), Distances),
    sort(Distances, Queue).

% Main loop of Dijkstra's algorithm
dijkstra_loop([], _, []) :- !.
dijkstra_loop([(Node, Distance)|Queue], Distances, Path) :-
    findall((Neighbor, NewDistance),
            (member(Neighbor-Cost, member(Node-Costs, Graph)),
             NewDistance is Distance + Cost,
             NewDistance < get_distance(Distances, Neighbor)),
            Neighbors),
    update_queue(Queue, Neighbors, NewQueue),
    update_distances(Distances, Neighbors, NewDistances),
    dijkstra_loop(NewQueue, NewDistances, Path).

% Update the priority queue with new distances
update_queue(Queue, [], Queue) :- !.
update_queue(Queue, [(Neighbor, NewDistance)|Neighbors], NewQueue) :-
    (   member((Neighbor, _), Queue) ->
        replace(Queue, (Neighbor, NewDistance), NewSubQueue)
    ;   NewSubQueue = Queue
    ),
    update_queue(NewSubQueue, Neighbors, NewQueue).

% Update the distances dictionary
update_distances(Distances, [], Distances) :- !.
update_distances(Distances, [(Neighbor, NewDistance)|Neighbors], NewDistances) :-
    replace(Distances, (Neighbor, NewDistance), NewSubDistances),
    update_distances(NewSubDistances, Neighbors, NewDistances).

% Get the distance to a node
get_distance(Distances, Node) :-
    member((Node, Distance), Distances),
    !,
    Distance.

% Replace an element in a list
replace([], _, []) :- !.
replace([(Key, _)|T], (Key, Value), [(Key, Value)|T]) :- !.
replace([H|T], Pair, [H|NewT]) :-
    replace(T, Pair, NewT).

% Extract the path from the distances dictionary
extract_path(Distances, Start, End, Path) :-
    (   get_distance(Distances, End) =:= infinity ->
        Path = []
    ;   get_distance(Distances, End) =:= 0 ->
        Path = [End]
    ;   get_distance(Distances, End) =:= get_distance(Distances, Start) ->
        Path = [End]
    ;   get_distance(Distances, End) < get_distance(Distances, Start) ->
        extract_path(Distances, Start, Parent, Path),
        Path = [End|Path]
    ),
    get_parent(Distances, End, Parent).

% Get the parent node of a node
get_parent(Distances, Node, Parent) :-
    findall((Neighbor, Cost),
            (member(Neighbor-Cost, member(Node-Costs, Graph)),
             Cost =:= get_distance(Distances, Node) - get_distance(Distances, Neighbor)),
            Neighbors),
    member((Parent, _), Neighbors).
</code>

<query>
go(a, e).
</query>"
False,"
In information theory and computer science, the Levenshtein distance is a metric for measuring the amount of difference between two sequences (i.e. an edit distance). The Levenshtein distance between two strings is defined as the minimum number of edits needed to transform one string into the other, with the allowable edit operations being insertion, deletion, or substitution of a single character.
Example
The Levenshtein distance between 'kitten' and 'sitting' is 3, since the following three edits change one into the other, and there isn't a way to do it with fewer than three edits:

kitten sitten (substitution of 'k' with 's')
sitten sittin (substitution of 'e' with 'i')
sittin sitting (insert 'g' at the end).

The Levenshtein distance between ""rosettacode"", ""raisethysword"" is 8.
The distance between two strings is same as that when both strings are reversed.

Task

Implements a Levenshtein distance function, or uses a library function, to show the Levenshtein distance between 'kitten' and 'sitting'.

Make a test on: levenshtein(['k', 'i', 't', 't', 'e', 'n'], ['s', 'i', 't', 't', 'i', 'n', 'g'], Distance).",0,0.0,0,0,0,0,"<reasoning>
To implement the Levenshtein distance function in Prolog, we need to define a recursive predicate that calculates the minimum number of edits required to transform one string into another. The base cases handle empty strings, and the recursive cases consider the cost of insertions, deletions, and substitutions.
</reasoning>

<code>
% Base case: if one string is empty, the distance is the length of the other string
levenshtein([], Y, Length) :- length(Y, Length).
levenshtein(X, [], Length) :- length(X, Length).

% Recursive case: calculate the minimum distance considering insertions, deletions, and substitutions
levenshtein([H1|T1], [H2|T2], Distance) :-
    levenshtein(T1, [H2|T2], Subst),
    levenshtein([H1|T1], T2, Del),
    levenshtein(T1, T2, Ins),
    Distance is 1 + min(Subst, min(Del, Ins)).

% Helper predicate to find the minimum of three numbers
min(A, B, C) :- A =< B, A =< C.
min(A, B, C) :- B =< A, B =< C.
min(A, B, C) :- C =< A, C =< B.
</code>

<query>
levenshtein(['k', 'i', 't', 't', 'e', 'n'], ['s', 'i', 't', 't', 'i', 'n', 'g'], Distance).
</query>","<reasoning>
The Levenshtein distance between two strings is the minimum number of single-character edits (insertions, deletions, or substitutions) required to change one string into the other. To implement this in Prolog, we can use a recursive approach with memoization to efficiently compute the distance. The base cases handle empty strings, and the recursive cases consider the cost of each possible edit operation.
</reasoning>

<code>
% Base case: if one string is empty, the distance is the length of the other string
levenshtein([], Y, Length) :- length(Y, Length).
levenshtein(X, [], Length) :- length(X, Length).

% Recursive case: consider the cost of substitution, insertion, and deletion
levenshtein([H1|T1], [H2|T2], Distance) :-
    (   H1 = H2 -> % If the heads are the same, no substitution is needed
        levenshtein(T1, T2, SubstDist),
        Distance is SubstDist
    ;   % Otherwise, consider the cost of substitution, insertion, and deletion
        levenshtein(T1, [H2|T2], SubstDist),
        levenshtein([H1|T1], T2, InsDist),
        levenshtein(T1, T2, DelDist),
        % Take the minimum of the three distances and add 1 for the current edit
        min(SubstDist, InsDist, Min1),
        min(Min1, DelDist, Distance),
        Distance is Distance + 1
    ).

% Helper predicate to find the minimum of two numbers
min(A, B, A) :- A =< B.
min(A, B, B) :- A > B.
</code>

<query>
levenshtein(['k', 'i', 't', 't', 'e', 'n'], ['s', 'i', 't', 't', 'i', 'n', 'g'], Distance).
</query>","<reasoning>
The Levenshtein distance between two strings is the minimum number of single-character edits (insertions, deletions, or substitutions) required to change one string into the other. To implement this in Prolog, we can use a recursive approach to calculate the distance. The base cases handle empty strings, and the recursive cases consider the cost of each possible edit operation.
</reasoning>
<code>
levenshtein([], [], 0).
levenshtein([_ | T1], [], N) :- levenshtein(T1, [], N1), N is N1 + 1.
levenshtein([], [_ | T2], N) :- levenshtein([], T2, N1), N is N1 + 1.
levenshtein([H1 | T1], [H2 | T2], N) :-
    (   H1 = H2
    ->  levenshtein(T1, T2, N1)
    ;   levenshtein(T1, T2, N1), levenshtein(T1, [H2 | T2], N2), levenshtein([H1 | T1], T2, N3),
        min3(N1, N2, N3, N)
    ).

min3(A, B, C, A) :- A =< B, A =< C.
min3(A, B, C, B) :- B =< A, B =< C.
min3(A, B, C, C) :- C =< A, C =< B.
</code>
<query>
levenshtein(['k', 'i', 't', 't', 'e', 'n'], ['s', 'i', 't', 't', 'i', 'n', 'g'], Distance).
</query>","<reasoning>
The Levenshtein distance between two strings is a classic problem in computer science and information theory. It involves calculating the minimum number of single-character edits (insertions, deletions, or substitutions) required to change one string into the other. The problem can be solved using dynamic programming, where we build a matrix to store the distances between substrings of the two input strings.

Here's a step-by-step breakdown of the approach:
1. Create a matrix where the rows represent the characters of the first string and the columns represent the characters of the second string.
2. Initialize the first row and the first column of the matrix with incremental values, representing the cost of inserting or deleting characters.
3. Fill in the rest of the matrix by comparing characters and applying the minimum cost of the three possible operations (insert, delete, substitute).
4. The value in the bottom-right corner of the matrix will be the Levenshtein distance between the two strings.

The provided query will test the Levenshtein distance function with the strings 'kitten' and 'sitting'.
</reasoning>

<code>
% Define the Levenshtein distance function
levenshtein([], [], 0).
levenshtein([_ | T1], [], N) :- levenshtein(T1, [], N1), N is N1 + 1.
levenshtein([], [_ | T2], N) :- levenshtein([], T2, N1), N is N1 + 1.
levenshtein([H1 | T1], [H2 | T2], N) :-
    (H1 = H2 -> levenshtein(T1, T2, N1) ; N1 is 1),
    levenshtein(T1, T2, N2),
    levenshtein(T1, T2, N3),
    N is min(min(N1, N2), N3) + 1.

% Helper predicate to find the minimum of three numbers
min(A, B, C) :- A =< B, A =< C.
min(A, B, C) :- A =< B, B =< C, A is C.
min(A, B, C) :- B =< A, B =< C, B is C.
min(A, B, C) :- B =< A, A =< C, B is A.
</code>

<query>
levenshtein(['k', 'i', 't', 't', 'e', 'n'], ['s', 'i', 't', 't', 'i', 'n', 'g'], Distance).
</query>"
False,"
Solve the eight queens puzzle.
You can extend the problem to solve the puzzle with a board of size NxN.

Make a test on: solution([1/1, 2/5, 3/8, 4/6, 5/3, 6/7, 7/2, 8/4]).",0,0.0,0,0,0,0,"<reasoning>
The eight queens puzzle is a classic problem in computer science where the goal is to place eight queens on an 8x8 chessboard such that no two queens threaten each other. This means that no two queens can be in the same row, column, or diagonal.

To solve this problem, we can use a backtracking approach. We will place queens one by one in different columns, starting from the leftmost column. When placing a queen in a column, we check for clashes with already placed queens. In the current column, if we find a row where there is no clash, we mark this cell and move to the next column. If we do not find such a row due to clashes then we backtrack and return false. If we have successfully placed all queens then we have found a solution.

For the extension to an NxN board, the logic remains the same, but the board size and the number of queens will be N.

The provided test case checks if the given solution is valid for an 8x8 board.
</reasoning>

<code>
% Define a predicate to check if a queen can be placed at board[X, Y]
can_place(X, Y, Board) :-
    % Check the row
    \+ member(Y, Board),
    % Check the upper diagonal
    \+ (member(Z, Board), X - Z =:= Y - memberpos(Z, Board)),
    % Check the lower diagonal
    \+ (member(Z, Board), X - Z =:= memberpos(Z, Board) - Y).

% Define a predicate to find the position of an element in a list
memberpos(X, [X|_], 1).
memberpos(X, [_|T], N) :-
    memberpos(X, T, M),
    M1 is M + 1,
    N = M1.

% Define a predicate to solve the N-Queens problem
solve_n_queens(N, Board) :-
    length(Board, N),
    place_queens(N, Board).

% Define a predicate to place queens recursively
place_queens(0, _).
place_queens(N, Board) :-
    N1 is N - 1,
    place_queens(N1, Board1),
    findall(Y, can_place(N, Y, Board1), Ys),
    member(Y, Ys),
    append(Board1, [Y], Board).

% Define a predicate to check if a given solution is valid
is_solution(Solution) :-
    length(Solution, N),
    solve_n_queens(N, Solution).
</code>

<query>
is_solution([1/1, 2/5, 3/8, 4/6, 5/3, 6/7, 7/2, 8/4]).
</query>","<reasoning>
The Eight Queens puzzle is a classic problem in computer science where the goal is to place eight queens on an 8x8 chessboard such that no two queens threaten each other. This means no two queens can be in the same row, column, or diagonal.

To solve this problem, we can use a backtracking approach. We will place queens one by one in different columns, starting from the leftmost column. When placing a queen in a column, we check for clashes with already placed queens. In the current column, if we find a row where there is no clash, we mark this cell and move to the next column. If we do not find such a row due to clashes then we backtrack and return false. If we successfully place all queens, we return true.

For the generalization to an NxN board, we will adjust the board size and the constraints accordingly.
</reasoning>

<code>
% Define a predicate to check if a queen can be placed at board[X, Y]
can_place(X, Y, Board) :-
    % Check the row
    \+ member(Y, Board),
    % Check the upper diagonal
    \+ (member(Z, Board), X - Z =:= Y - memberpos(Z, Board)),
    % Check the lower diagonal
    \+ (member(Z, Board), X - Z =:= memberpos(Z, Board) - Y).

% Define a predicate to place queens on the board
place_queens(N, Board, N) :-
    Board = Board.
place_queens(N, Board, Col) :-
    Col < N,
    findall(Y, can_place(Col, Y, Board), Ys),
    member(Y, Ys),
    place_queens(N, [Y|Board], Col + 1).

% Define a predicate to solve the N-Queens problem
solve_n_queens(N) :-
    place_queens(N, [], 0).

% Define a predicate to find the position of an element in a list
memberpos(X, [X|_], 1).
memberpos(X, [_|T], P) :-
    memberpos(X, T, Q),
    Q is P + 1.
</code>

<query>
solve_n_queens(8).
</query>","<reasoning>
The Eight Queens puzzle is a classic problem in computer science where the goal is to place eight queens on an 8x8 chessboard such that no two queens threaten each other. This means no two queens can be in the same row, column, or diagonal.

To solve this problem, we can use a backtracking approach. We will place queens one by one in different columns, starting from the leftmost column. When placing a queen in a column, we check for clashes with already placed queens. In the current column, if we find a row where there is no clash, we mark this cell and move to the next column. If we do not find such a row due to clashes then we backtrack and return false. If we have successfully placed all queens, we have found a solution.

For the extension to an NxN board, the logic remains the same, but the board size is parameterized.

The provided test case checks if the given solution is valid for an 8x8 board.
</reasoning>

<code>
% Define a predicate to check if a queen can be placed at board[X, Y]
can_place(Queen, Board) :-
    findall(Q, member(Q, Board), Queens),
    not((member(Q, Queens), same_row(Queen, Q); same_column(Queen, Q); same_diagonal(Queen, Q))).

% Define a predicate to check if two queens are in the same row
same_row(Q1, Q2) :-
    row(Q1, Row1), row(Q2, Row2), Row1 = Row2.

% Define a predicate to check if two queens are in the same column
same_column(Q1, Q2) :-
    column(Q1, Col1), column(Q2, Col2), Col1 = Col2.

% Define a predicate to check if two queens are in the same diagonal
same_diagonal(Q1, Q2) :-
    row(Q1, Row1), column(Q1, Col1),
    row(Q2, Row2), column(Q2, Col2),
    (Row1 - Row2 =:= Col1 - Col2; Row1 - Row2 =:= Col2 - Col1).

% Define a predicate to place queens on the board
place_queens(N, Board, Queens) :-
    length(Queens, N),
    maplist(can_place(_, Board), Queens).

% Define a predicate to solve the N-Queens problem
solve_n_queens(N) :-
    length(Queens, N),
    findall(Queen, (between(1, N, X), between(1, N, Y), Queen =.. [X/Y]), Queens),
    place_queens(N, [], Queens).

% Define a predicate to check if a given solution is valid
is_solution(Solution) :-
    length(Solution, N),
    solve_n_queens(N),
    maplist(can_place(_, Solution), Solution).
</code>

<query>
is_solution([1/1, 2/5, 3/8, 4/6, 5/3, 6/7, 7/2, 8/4]).
</query>","<reasoning>
The Eight Queens puzzle is a classic problem in computer science where the goal is to place eight queens on an 8x8 chessboard such that no two queens threaten each other. This means no two queens can be in the same row, column, or diagonal.

To solve this problem, we can use a backtracking approach. We will place queens one by one in different columns, starting from the leftmost column. When placing a queen in a column, we check for clashes with already placed queens. In the current column, if we find a row where there is no clash, we mark this cell and move to the next column. If we do not find such a row due to clashes then we backtrack and return false. If we successfully place all queens, we have found a solution.

For the generalization to an NxN board, we will adjust the board size accordingly and ensure the same constraints are applied.

The provided test case `solution([1/1, 2/5, 3/8, 4/6, 5/3, 6/7, 7/2, 8/4])` represents a solution to the 8-queens puzzle. Each element in the list represents a queen's position on the board, where the first number is the row and the second number is the column.
</reasoning>

<code>
% Define a predicate to check if a queen can be placed at a given position
can_place(Queen, Board) :-
    findall(Row, (member(Row/_, Board), Row \= Queen), OtherQueens),
    all_different(OtherQueens),
    all_different([Queen | OtherQueens]).

% Define a predicate to check if all elements in a list are different
all_different([]).
all_different([H | T]) :-
    not(member(H, T)),
    all_different(T).

% Define a predicate to solve the N-queens puzzle
solve_n_queens(N, Board) :-
    length(Board, N),
    length(Queens, N),
    between(1, N, Row),
    between(1, N, Col),
    Queens = [Row/Col | _],
    can_place(Queens, Board),
    solve_n_queens(N, [Row/Col | Board]).

% Base case for the recursive solve_n_queens predicate
solve_n_queens(_, []).

% Predicate to test the solution
test_solution(Solution) :-
    length(Solution, N),
    solve_n_queens(N, Solution).
</code>

<query>
test_solution([1/1, 2/5, 3/8, 4/6, 5/3, 6/7, 7/2, 8/4]).
</query>"
False,"The Ackermann function is a classic example of a recursive function, notable especially because it is not a primitive recursive function. It grows very quickly in value, as does the size of its call tree.
The Ackermann function is usually defined as follows:
{\displaystyle A(m,n)={\begin{cases}n+1&{\mbox{if }}m=0\\A(m-1,1)&{\mbox{if }}m>0{\mbox{ and }}n=0\\A(m-1,A(m,n-1))&{\mbox{if }}m>0{\mbox{ and }}n>0.\end{cases}}}
Its arguments are never negative and it always terminates.

Task

Write a function which returns the value of A(m,n). Arbitrary precision is preferred (since the function grows so quickly), but not required.
Make a test on: ack(3, 1, Result).",0,0.0,0,0,0,0,"<reasoning>
The Ackermann function is a well-known recursive function that grows very rapidly. To implement it in Prolog, we need to define a predicate `ack/3` where the first argument is the `m` value, the second argument is the `n` value, and the third argument is the result of the Ackermann function. The base cases are when `m` is 0 or `n` is 0, and the recursive case involves calling `ack/3` multiple times.
</reasoning>

<code>
ack(0, N, N1) :- N1 is N + 1.
ack(M, 0, N1) :- M1 is M - 1, ack(M1, 1, N1).
ack(M, N, N1) :- M1 is M - 1, N2 is N - 1, ack(M, N2, N3), ack(M1, N3, N1).
</code>

<query>
ack(3, 1, Result).
</query>","<reasoning>
The Ackermann function is a well-known recursive function that grows very quickly. To implement it in Prolog, we need to define a predicate `ack/3` where the first argument is the `m` value, the second argument is the `n` value, and the third argument is the result of the Ackermann function. The function will be defined using pattern matching and recursion based on the given definition.
</reasoning>
<code>
ack(0, N, N1) :- N1 is N + 1.
ack(M, 0, N1) :- M1 is M - 1, ack(M1, 1, N1).
ack(M, N, N1) :- M1 is M - 1, N2 is N - 1, ack(M, N2, N3), ack(M1, N3, N1).
</code>
<query>
ack(3, 1, Result).
</query>","<reasoning>
The Ackermann function is a well-known recursive function that grows very rapidly. To implement it in Prolog, we need to define a predicate `ack/3` where the first argument is the `m` value, the second argument is the `n` value, and the third argument is the result of the Ackermann function. The base cases and recursive cases are defined according to the given mathematical definition.
</reasoning>

<code>
ack(0, N, N1) :- N1 is N + 1.
ack(M, 0, N1) :- M > 0, ack(M - 1, 1, N1).
ack(M, N, N1) :- M > 0, N > 0, ack(M - 1, ack(M, N - 1, _), N1).
</code>

<query>
ack(3, 1, Result).
</query>","<reasoning>
The Ackermann function is a classic example of a recursive function. It is defined by three cases:
1. If \( m = 0 \), then \( A(m, n) = n + 1 \).
2. If \( m > 0 \) and \( n = 0 \), then \( A(m, n) = A(m - 1, 1) \).
3. If \( m > 0 \) and \( n > 0 \), then \( A(m, n) = A(m - 1, A(m, n - 1)) \).

To implement this in Prolog, we need to define a predicate `ack/3` where the first argument is the value of \( m \), the second argument is the value of \( n \), and the third argument is the result of the Ackermann function.

We will use a helper predicate to handle the recursive calls and ensure that the base cases are correctly handled.
</reasoning>

<code>
ack(0, N, N1) :- N1 is N + 1.
ack(M, 0, N1) :- M > 0, ack(M - 1, 1, N1).
ack(M, N, N1) :- M > 0, N > 0, ack(M - 1, AckMN, N1), ack(M, AckMN - 1, AckMN).
</code>

<query>
ack(3, 1, Result).
</query>"
False,"Task:

Generate a string with N opening brackets [ and with N closing brackets ], in some arbitrary order. 
Determine whether the generated string is balanced; that is, whether it consists entirely of pairs of opening/closing brackets (in that order), none of which mis-nest.

Examples

   (empty)      OK
   []           OK   
   [][]         OK   
   [[][]]       OK 
   ][         NOT OK
   ][][       NOT OK
   []][[]     NOT OK

Make a test on: test_brackets(""({[]})"").",0,0.0,0,0,0,0,"<reasoning>
To solve this problem, we need to generate a string with N opening brackets `[` and N closing brackets `]` and then determine if the string is balanced. A string is balanced if every opening bracket has a corresponding closing bracket in the correct order.

We can use a stack-based approach to check if the string is balanced. The idea is to iterate through the string and use a stack to keep track of the opening brackets. When we encounter a closing bracket, we check if there is a corresponding opening bracket at the top of the stack. If the stack is empty or the top of the stack is not an opening bracket, the string is not balanced. If we successfully process the entire string and the stack is empty, the string is balanced.

Here's the Prolog code to implement this logic:
</reasoning>
<code>
% Predicate to check if a string of brackets is balanced
is_balanced([]).
is_balanced([H|T]) :-
    is_balanced(H, T, []).

% Helper predicate to process the string and stack
is_balanced('[' , T, Stack) :-
    is_balanced(T, Stack, ['['|Stack]).
is_balanced(']' , T, Stack) :-
    Stack = ['['|Rest],
    is_balanced(T, Rest, []).
is_balanced(X , T, Stack) :-
    is_balanced(T, Stack, [X|Stack]).

% Predicate to generate a string of N opening and N closing brackets
generate_brackets(N, N, []).
generate_brackets(N, M, [H|T]) :-
    N1 is N - 1,
    M1 is M - 1,
    (   N1 >= 0 -> generate_brackets(N1, M, T)
    ;   M1 >= 0 -> generate_brackets(N, M1, [']'|T])
    ).

% Predicate to test the brackets
test_brackets(String) :-
    generate_brackets(N, N, Brackets),
    atom_chars(String, Brackets),
    is_balanced(String).
</code>
<query>
test_brackets(""({[]})"").
</query>","<reasoning>
To solve this problem, we need to generate a string with N opening brackets `[` and N closing brackets `]` and then determine if the string is balanced. A string is balanced if every opening bracket has a corresponding closing bracket in the correct order.

We can use a stack-based approach to check for balance. The idea is to traverse the string and use a stack to keep track of the opening brackets. When we encounter a closing bracket, we check if there is a corresponding opening bracket at the top of the stack. If the stack is empty or the top of the stack is not an opening bracket, the string is not balanced. If we successfully traverse the entire string and the stack is empty, the string is balanced.

Here's the Prolog code to implement this logic:
</reasoning>
<code>
% Define a predicate to check if a string of brackets is balanced
is_balanced([]).
is_balanced([H|T]) :-
    is_balanced(H, T, []).

% Helper predicate to check balance with a stack
is_balanced('[' , T, Stack) :-
    is_balanced(T, Stack, ['['|Stack]).
is_balanced(']', T, [ '[' | Stack]) :-
    is_balanced(T, Stack, []).
is_balanced(']', _ , []) :-
    !, fail.
is_balanced(X, T, Stack) :-
    is_balanced(T, Stack, [X|Stack]).

% Predicate to test the balance of a string
test_brackets(String) :-
    is_balanced(String),
    write('OK'),
    nl.
test_brackets(_) :-
    write('NOT OK'),
    nl.
</code>
<query>
test_brackets(""({[]})"").
</query>","<reasoning>
To solve this problem, we need to generate a string with N opening brackets `[` and N closing brackets `]` and then determine if the string is balanced. A string is balanced if every opening bracket has a corresponding closing bracket in the correct order.

We can use a stack-based approach to check if the string is balanced. The idea is to traverse the string and use a stack to keep track of the opening brackets. When we encounter a closing bracket, we check if there is a corresponding opening bracket at the top of the stack. If the stack is empty or the top of the stack is not an opening bracket, the string is not balanced. If we successfully traverse the entire string and the stack is empty, the string is balanced.

Here's the Prolog code to implement this logic:
</reasoning>
<code>
% Predicate to check if a string of brackets is balanced
is_balanced([]).
is_balanced([H|T]) :-
    is_balanced(H, T, []).

% Helper predicate to check balance with a stack
is_balanced('[' , T, Stack) :-
    is_balanced(T, Stack, ['['|Stack]).
is_balanced(']' , T, Stack) :-
    Stack = ['['|Rest],
    is_balanced(T, Rest, []).
is_balanced(']' , _ , []) :-
    !, fail.
is_balanced(']' , _ , [_|_]) :-
    !, fail.
is_balanced([], [], []).

% Predicate to generate all possible strings of N opening and N closing brackets
generate_brackets(N, N, []) :- !.
generate_brackets(N, M, [H|T]) :-
    N1 is N - 1,
    M1 is M - 1,
    (   N1 >= 0 -> generate_brackets(N1, M, T), H = '['
    ;   M1 >= 0 -> generate_brackets(N, M1, T), H = ']'
    ).

% Predicate to test the brackets
test_brackets(String) :-
    generate_brackets(N, N, Brackets),
    string_concat(Brackets, String, _),
    is_balanced(String).
</code>
<query>
test_brackets(""({[]})"").
</query>","<reasoning>
To solve this problem, we need to generate all possible strings with N opening and N closing brackets and then check if they are balanced. A string is balanced if every opening bracket has a corresponding closing bracket in the correct order.

We can use a recursive approach to generate all possible strings and then use a stack-based approach to check if the string is balanced.

1. **Generate all possible strings**: We can use a recursive function to generate all possible strings with N opening and N closing brackets.
2. **Check if the string is balanced**: We can use a stack-based approach to check if the string is balanced. We push opening brackets onto the stack and pop them when we encounter a corresponding closing bracket. If the stack is empty at the end, the string is balanced.

Here's the Prolog code to achieve this:
</reasoning>
<code>
% Generate all possible strings with N opening and N closing brackets
generate_brackets(N, String) :-
    generate_brackets(N, N, [], String).

generate_brackets(0, 0, [], []) :- !.
generate_brackets(Open, Close, Stack, [')'|String]) :-
    Close > 0,
    NewClose is Close - 1,
    generate_brackets(Open, NewClose, Stack, String).
generate_brackets(Open, Close, [ '(' | Stack], String) :-
    Open > 0,
    NewOpen is Open - 1,
    generate_brackets(NewOpen, Close, Stack, String).

% Check if the string is balanced
is_balanced(String) :-
    is_balanced(String, []).

is_balanced([], []) :- !.
is_balanced([')'|_], _), !, fail.
is_balanced(['('|Stack], Stack) :- !.
is_balanced(['('|Stack], [')'|NewStack]) :-
    is_balanced(Stack, NewStack).

% Test the function
test_brackets(String) :-
    generate_brackets(2, String),
    is_balanced(String).
</code>
<query>
test_brackets(""({[]})"").
</query>"
False,"
Task
Problem: you have a standard 8x8 chessboard, empty but for a single knight on some square. Your task is to emit a series of legal knight moves that result in the knight visiting every square on the chessboard exactly once. Note that it is not a requirement that the tour be ""closed""; that is, the knight need not end within a single move of its start position.
Input and output may be textual or graphical, according to the conventions of the programming environment. If textual, squares should be indicated in algebraic notation. The output should indicate the order in which the knight visits the squares, starting with the initial position. The form of the output may be a diagram of the board with the squares numbered according to visitation sequence, or a textual list of algebraic coordinates in order, or even an actual animation of the knight moving around the chessboard.
Input: starting square
Output: move sequence
Make a test on: knight(3, Solution).",0,0.0,0,0,0,0,"<reasoning>
The problem requires finding a sequence of legal knight moves that visit every square on an 8x8 chessboard exactly once. This is a classic problem known as the Knight's Tour. The solution involves using backtracking to explore all possible paths the knight can take, ensuring that each square is visited exactly once.

The knight moves in an L-shape: two squares in one direction and one square perpendicular to that. The solution will generate a list of moves, where each move is represented as a pair of coordinates (row, column).

The input is the starting position of the knight, and the output is the sequence of moves that visits every square exactly once.
</reasoning>

<code>
% Define the knight's possible moves
knight_moves(X, Y, NewX, NewY) :-
    member((DX, DY), [(2, 1), (2, -1), (-2, 1), (-2, -1), (1, 2), (1, -2), (-1, 2), (-1, -2)]),
    NewX is X + DX,
    NewY is Y + DY.

% Check if a move is within the board boundaries
valid_move(X, Y) :-
    X >= 1, X =< 8, Y >= 1, Y =< 8.

% Check if a square is already visited
is_visited(X, Y, Visited) :-
    member((X, Y), Visited).

% Recursive function to find the knight's tour
knight_tour(X, Y, Visited, Moves) :-
    length(Visited, Count),
    Count =< 63, % 64 squares on the board, start at 0
    knight_moves(X, Y, NewX, NewY),
    valid_move(NewX, NewY),
    not(is_visited(NewX, NewY, Visited)),
    append(Visited, [(NewX, NewY)], NewVisited),
    knight_tour(NewX, NewY, NewVisited, NewMoves),
    append(Moves, [(NewX, NewY)], NewMoves).

% Start the knight's tour from a given position
knight(X, Solution) :-
    knight_tour(X, Y, [], Solution).
</code>

<query>
knight(3, Solution).
</query>","<reasoning>
To solve this problem, we need to implement a knight's tour on an 8x8 chessboard using Prolog. The knight's tour is a sequence of moves of a knight on a chessboard such that the knight visits every square exactly once. We will use a backtracking approach to find a valid tour starting from a given square.

Here's the step-by-step approach:
1. Define the possible moves of a knight.
2. Implement a recursive function to explore all possible moves from the current position.
3. Use backtracking to find a valid tour.
4. Output the sequence of moves.

We will represent the chessboard as an 8x8 list of lists, where each cell can either be empty or contain the move number.
</reasoning>

<code>
% Define the possible moves of a knight
knight_moves(X, Y, NewX, NewY) :-
    member((DX, DY), [(2, 1), (2, -1), (-2, 1), (-2, -1), (1, 2), (1, -2), (-1, 2), (-1, -2)]),
    NewX is X + DX,
    NewY is Y + DY.

% Check if a move is within the bounds of the chessboard
valid_move(X, Y) :-
    X >= 1, X =< 8, Y >= 1, Y =< 8.

% Check if a cell is empty
is_empty(Board, X, Y) :-
    nth0(X, Board, Row),
    nth0(Y, Row, Cell),
    Cell = 0.

% Recursive function to find the knight's tour
knight_tour(Board, X, Y, Move, Solution) :-
    Move > 64, !, % If all 64 moves are made, we have a solution
    Solution = Board.
knight_tour(Board, X, Y, Move, Solution) :-
    knight_moves(X, Y, NewX, NewY),
    valid_move(NewX, NewY),
    is_empty(Board, NewX, NewY),
    NewBoard = Board,
    nth0(NewX, NewBoard, NewRow),
    nth0(NewY, NewRow, NewCell),
    NewCell = Move,
    knight_tour(NewBoard, NewX, NewY, Move + 1, Solution).

% Start the knight's tour from a given square
knight(X, Solution) :-
    Board = [[0, 0, 0, 0, 0, 0, 0, 0],
             [0, 0, 0, 0, 0, 0, 0, 0],
             [0, 0, 0, 0, 0, 0, 0, 0],
             [0, 0, 0, 0, 0, 0, 0, 0],
             [0, 0, 0, 0, 0, 0, 0, 0],
             [0, 0, 0, 0, 0, 0, 0, 0],
             [0, 0, 0, 0, 0, 0, 0, 0],
             [0, 0, 0, 0, 0, 0, 0, 0]],
    knight_tour(Board, X, 1, 1, Solution).
</code>

<query>
knight(3, Solution).
</query>","<reasoning>
To solve this problem, we need to implement a knight's tour on an 8x8 chessboard using Prolog. The knight's tour is a sequence of moves of a knight on a chessboard such that the knight visits every square exactly once. We will use backtracking to find a valid tour starting from a given square.

Here's the step-by-step approach:
1. Define the possible moves of a knight.
2. Implement a recursive function to explore all possible moves from the current square.
3. Use backtracking to ensure that each square is visited exactly once.
4. Return the sequence of moves if a valid tour is found.

We will represent the chessboard as a list of lists, where each element is either `empty` or `visited`. The knight's moves will be represented as tuples of the form `(dx, dy)`, where `dx` and `dy` are the changes in the x and y coordinates, respectively.

</reasoning>
<code>
% Define the possible moves of a knight
knight_moves([(2, 1), (2, -1), (-2, 1), (-2, -1), (1, 2), (1, -2), (-1, 2), (-1, -2)]).

% Check if a move is within the bounds of the chessboard
in_bounds(X, Y) :-
    X >= 0, X < 8, Y >= 0, Y < 8.

% Check if a square is empty
is_empty(Board, X, Y) :-
    in_bounds(X, Y), nth0(X, Board, Row), nth0(Y, Row, empty).

% Mark a square as visited
mark_visited(Board, X, Y, NewBoard) :-
    nth0(X, Board, Row), nth0(Y, Row, _, VisitedRow), 
    nth0(Y, VisitedRow, visited, NewRow), 
    nth0(X, NewBoard, NewRow).

% Recursive function to find the knight's tour
knight_tour(Board, X, Y, MoveCount, Moves) :-
    MoveCount = 64, % 8x8 board has 64 squares
    nth0(X, Board, Row), nth0(Y, Row, _, VisitedRow), 
    nth0(Y, VisitedRow, visited, NewRow), 
    nth0(X, NewBoard, NewRow),
    append(Moves, [(X, Y)], NewMoves),
    !.

knight_tour(Board, X, Y, MoveCount, Moves) :-
    knight_moves(MovesList),
    member((dx, dy), MovesList),
    NewX is X + dx, NewY is Y + dy,
    is_empty(Board, NewX, NewY),
    mark_visited(Board, X, Y, NewBoard),
    knight_tour(NewBoard, NewX, NewY, MoveCount + 1, [(X, Y) | Moves]).

% Start the knight's tour from a given square
knight(X, Solution) :-
    initialize_board(Board),
    knight_tour(Board, X, Y, 1, []),
    reverse(Solution, [(X, Y) | _]).

% Initialize the chessboard with empty squares
initialize_board(Board) :-
    length(Board, 8),
    maplist(initialize_row, Board).

initialize_row(Row) :-
    length(Row, 8),
    maplist(=, Row, empty).
</code>
<query>
knight(3, Solution).
</query>","<reasoning>
The task requires generating a knight's tour on an 8x8 chessboard. A knight's tour is a sequence of moves of a knight on a chessboard such that the knight visits every square exactly once. The knight moves in an ""L"" shape: two squares in one direction and one square perpendicular to that direction.

To solve this problem, we can use a backtracking algorithm. The algorithm will try to place the knight on each square and recursively try to visit all other squares. If it reaches a point where it cannot move to an unvisited square, it will backtrack to the previous square and try a different move.

Here's the Prolog code to implement this algorithm:
</reasoning>
<code>
% Define the knight's possible moves
knight_moves(X, Y, NewX, NewY) :-
    member((DX, DY), [(-2, -1), (-2, 1), (-1, -2), (-1, 2), (1, -2), (1, 2), (2, -1), (2, 1)]),
    NewX is X + DX,
    NewY is Y + DY.

% Check if a move is within the board boundaries
valid_move(X, Y) :-
    X >= 1, X =< 8, Y >= 1, Y =< 8.

% Check if a square is unvisited
unvisited(X, Y, Board) :-
    member((X, Y, _), Board).

% Recursive function to find the knight's tour
knight_tour(X, Y, Board, Visited, Solution) :-
    knight_moves(X, Y, NewX, NewY),
    valid_move(NewX, NewY),
    unvisited(NewX, NewY, Board),
    NewBoard = [(NewX, NewY, length(Solution) + 1) | Board],
    knight_tour(NewX, NewY, NewBoard, [NewX, NewY | Visited], Solution).

% Start the knight's tour from a given position
knight(X, Solution) :-
    knight_tour(X, Y, [(X, Y, 1)], [X, Y], Solution).
</code>
<query>
knight(3, Solution).
</query>"
False,"
Sorting Algorithm
This is a sorting algorithm. It may be applied to a set of data in order to sort it.
The merge sort is a recursive sort of order n*log(n). 
It is notable for having a worst case and average complexity of O(n*log(n)), and a best case complexity of O(n) (for pre-sorted input).
The basic idea is to split the collection into smaller groups by halving it until the groups only have one element or no elements (which are both entirely sorted groups).
Then merge the groups back together so that their elements are in order.
This is how the algorithm gets its divide and conquer description.

Task

Write a function to sort a collection of integers using the merge sort.
The merge sort algorithm comes in two parts: a sort function and a merge function 
Note: better performance can be expected if, rather than recursing until length(m) ≤ 1, an insertion sort is used for length(m) smaller than some threshold larger than 1.

Make a test on: msort([3,1,4,2], Sorted).",0,0.0,0,0,0,0,"<reasoning>
The merge sort algorithm consists of two main functions: `sort` and `merge`. The `sort` function recursively divides the list into halves until the base case is reached (a list of length 0 or 1), and then merges the sorted halves back together using the `merge` function. The `merge` function takes two sorted lists and merges them into a single sorted list.

To implement this in Prolog, we will define the `msort/2` predicate, which will use the `sort/2` and `merge/2` predicates. The `sort/2` predicate will handle the recursive division and merging, while the `merge/2` predicate will handle the merging of two sorted lists.
</reasoning>

<code>
% Base case: an empty list or a single element list is already sorted
sort([], []).
sort([X], [X]).

% Recursive case: split the list into two halves, sort each half, and merge the results
sort(List, Sorted) :-
    split(List, Left, Right),
    sort(Left, SortedLeft),
    sort(Right, SortedRight),
    merge(SortedLeft, SortedRight, Sorted).

% Split the list into two halves
split(List, Left, Right) :-
    length(List, Len),
    Half is Len // 2,
    split(List, 0, Half, Left, Right).

split([], _, _, [], []).
split([H|T], Index, Half, Left, Right) :-
    Index < Half,
    NewIndex is Index + 1,
    split(T, NewIndex, Half, [H|Left], Right).
split([H|T], Index, Half, Left, [H|Right]) :-
    Index >= Half,
    NewIndex is Index + 1,
    split(T, NewIndex, Half, Left, Right).

% Merge two sorted lists into a single sorted list
merge([], Right, Right).
merge(Left, [], Left).
merge([H1|T1], [H2|T2], [H1|Result]) :-
    H1 =< H2,
    merge(T1, [H2|T2], Result).
merge([H1|T1], [H2|T2], [H2|Result]) :-
    H1 > H2,
    merge([H1|T1], T2, Result).
</code>

<query>
msort([3,1,4,2], Sorted).
</query>","<reasoning>
The merge sort algorithm consists of two main functions: `sort` and `merge`. The `sort` function recursively divides the list into halves until the base case is reached (a list of length 0 or 1), and then merges the sorted halves back together using the `merge` function. The `merge` function takes two sorted lists and merges them into a single sorted list.
To implement this in Prolog, we will define the `msort/2` predicate, which takes a list and a sorted list as arguments. The base case will be when the list is empty or has only one element. For longer lists, we will split the list into two halves, recursively sort each half, and then merge the sorted halves.
The `merge/2` predicate will take two sorted lists and merge them into a single sorted list. It will repeatedly take the smaller of the two heads of the lists and append it to the result, until one of the lists is empty. Then, it will append the remaining elements of the non-empty list to the result.
Finally, we will write a test query to verify that our implementation works correctly.
</reasoning>
<code>
msort([], []).
msort([X], [X]).
msort(List, Sorted) :-
    split(List, Left, Right),
    msort(Left, SortedLeft),
    msort(Right, SortedRight),
    merge(SortedLeft, SortedRight, Sorted).

split(List, Left, Right) :-
    length(List, Len),
    Half is Len // 2,
    split(List, 0, Half, Left, Right).

split([], _, _, [], []).
split([H|T], Index, Half, Left, Right) :-
    Index < Half,
    NewIndex is Index + 1,
    split(T, NewIndex, Half, [H|Left], Right).
split([H|T], Index, Half, Left, [H|Right]) :-
    Index >= Half,
    NewIndex is Index + 1,
    split(T, NewIndex, Half, Left, Right).

merge([], Right, Right).
merge(Left, [], Left).
merge([H1|T1], [H2|T2], [H1|Result]) :-
    H1 =< H2,
    merge(T1, [H2|T2], Result).
merge([H1|T1], [H2|T2], [H2|Result]) :-
    H1 > H2,
    merge([H1|T1], T2, Result).
</code>
<query>
msort([3,1,4,2], Sorted).
</query>","<reasoning>
The merge sort algorithm consists of two main functions: `sort` and `merge`. The `sort` function recursively divides the list into halves until the base case is reached (a list of length 0 or 1), and then calls the `merge` function to combine these sorted halves back together in the correct order. The `merge` function takes two sorted lists and merges them into a single sorted list.

To implement this in Prolog, we need to define both the `sort` and `merge` predicates. The `sort` predicate will handle the recursion and the base case, while the `merge` predicate will handle the merging of sorted lists.

Additionally, we will include an insertion sort function to handle the base case when the list length is smaller than a certain threshold.
</reasoning>

<code>
% Base case for sort: empty list or single element list
sort([], []).
sort([X], [X]).

% Recursive case for sort: split the list, sort each half, and merge them
sort(List, Sorted) :-
    length(List, Len),
    Threshold is 10, % Threshold for switching to insertion sort
    (   Len =< Threshold
    ->  insertion_sort(List, Sorted)
    ;   split(List, Left, Right),
        sort(Left, SortedLeft),
        sort(Right, SortedRight),
        merge(SortedLeft, SortedRight, Sorted)
    ).

% Insertion sort for small lists
insertion_sort([], []).
insertion_sort([X], [X]).
insertion_sort([H|T], Sorted) :-
    insertion_sort(T, SortedT),
    insert(H, SortedT, Sorted).

insert(H, [], [H]).
insert(H, [X|T], [H, X|T]) :-
    H =< X.
insert(H, [X|T], [X|SortedT]) :-
    H > X,
    insert(H, T, SortedT).

% Merge two sorted lists
merge([], Right, Right).
merge(Left, [], Left).
merge([H1|T1], [H2|T2], [H1|Sorted]) :-
    H1 =< H2,
    merge(T1, [H2|T2], Sorted).
merge([H1|T1], [H2|T2], [H2|Sorted]) :-
    H1 > H2,
    merge([H1|T1], T2, Sorted).

% Split a list into two halves
split(List, Left, Right) :-
    length(List, Len),
    Half is Len // 2,
    split(List, Half, Left, Right).

split(List, 0, [], List).
split([H|T], N, [H|Left], Right) :-
    N > 0,
    N1 is N - 1,
    split(T, N1, Left, Right).
</code>

<query>
msort([3,1,4,2], Sorted).
</query>","<reasoning>
The merge sort algorithm consists of two main functions: `sort` and `merge`. The `sort` function recursively divides the list into halves until the base case is reached (a list of length 0 or 1), and then merges the sorted halves back together using the `merge` function. The `merge` function takes two sorted lists and merges them into a single sorted list.

To implement this in Prolog, we need to define the `sort` and `merge` predicates. The `sort` predicate will handle the recursion and the base case, while the `merge` predicate will handle the merging of sorted lists.

We will also include an optional optimization to use insertion sort for small sublists to improve performance.
</reasoning>

<code>
% Base case: an empty list or a single element list is already sorted
sort([], []).
sort([X], [X]).

% Recursive case: split the list into two halves, sort each half, and merge them
sort(List, Sorted) :-
    split(List, Left, Right),
    sort(Left, SortedLeft),
    sort(Right, SortedRight),
    merge(SortedLeft, SortedRight, Sorted).

% Split the list into two halves
split(List, Left, Right) :-
    length(List, Len),
    Half is Len // 2,
    split(List, 0, Half, Left, Right).

split([], _, _, [], []).
split([H|T], Index, Half, Left, Right) :-
    Index < Half,
    NewIndex is Index + 1,
    split(T, NewIndex, Half, [H|Left], Right).
split([H|T], Index, Half, Left, [H|Right]) :-
    Index >= Half,
    NewIndex is Index + 1,
    split(T, NewIndex, Half, Left, Right).

% Merge two sorted lists into a single sorted list
merge([], Right, Right).
merge(Left, [], Left).
merge([H1|T1], [H2|T2], [H1|Result]) :-
    H1 =< H2,
    merge(T1, [H2|T2], Result).
merge([H1|T1], [H2|T2], [H2|Result]) :-
    H1 > H2,
    merge([H1|T1], T2, Result).

% Optional optimization: use insertion sort for small sublists
insertion_sort(List, Sorted) :-
    insertion_sort(List, [], Sorted).

insertion_sort([], Acc, Acc).
insertion_sort([H|T], Acc, Sorted) :-
    insert(H, Acc, NewAcc),
    insertion_sort(T, NewAcc, Sorted).

insert([], X, [X]).
insert([H|T], X, [H|Result]) :-
    X =< H,
    insert(T, X, Result).
insert([H|T], X, [H|Result]) :-
    X > H,
    insert(T, X, Result).

% Main sort function with optional insertion sort optimization
msort(List, Sorted) :-
    length(List, Len),
    (   Len =< 10 -> % Threshold for insertion sort
        insertion_sort(List, Sorted)
    ;   sort(List, Sorted)
    ).
</code>

<query>
msort([3,1,4,2], Sorted).
</query>"
False,"Task
Create a function that takes a Roman numeral as its argument and returns its value as a numeric decimal integer.
You don't need to validate the form of the Roman numeral.
Modern Roman numerals are written by expressing each decimal digit of the number to be encoded separately,
starting with the leftmost decimal digit and skipping any 0s (zeroes).
1990 is rendered as MCMXC (1000 = M, 900 = CM, 90 = XC) and 2008 is rendered as MMVIII (2000 = MM, 8 = VIII).
The Roman numeral for 1666, MDCLXVI, uses each letter in descending order.

Make a test on: decode_string(mcmxc, 1990)",0,0.0,0,0,0,0,"<reasoning>
To solve this problem, we need to create a Prolog function that decodes a Roman numeral string into its corresponding decimal integer. The function will map each Roman numeral character to its integer value and then sum these values, taking into account the subtractive notation (e.g., IV for 4, IX for 9).

Here's the step-by-step approach:
1. Define a predicate `roman_numeral/2` that maps each Roman numeral character to its integer value.
2. Define a predicate `decode_string/2` that processes the Roman numeral string and calculates the decimal value.

The `decode_string/2` predicate will iterate through the string, converting each character to its integer value and summing them up, while handling the subtractive notation by checking the next character if the current one is smaller.
</reasoning>

<code>
roman_numeral('I', 1).
roman_numeral('V', 5).
roman_numeral('X', 10).
roman_numeral('L', 50).
roman_numeral('C', 100).
roman_numeral('D', 500).
roman_numeral('M', 1000).

decode_string(Roman, Value) :-
    atom_chars(Roman, Chars),
    decode_chars(Chars, 0, Value).

decode_chars([], Acc, Acc).
decode_chars([H1, H2 | T], Acc, Value) :-
    roman_numeral(H1, Val1),
    roman_numeral(H2, Val2),
    (   Val1 < Val2
    ->  decode_chars([H2 | T], Acc + Val2 - Val1, Value)
    ;   decode_chars([H1 | T], Acc + Val1, Value)
    ).
</code>

<query>
decode_string(mcmxc, Value).
</query>","<reasoning>
To solve this problem, we need to create a Prolog predicate that decodes a Roman numeral string into its corresponding decimal integer. The Roman numeral system uses specific symbols and their values, and we need to map these symbols to their respective values and then sum them up according to the rules of Roman numeral notation.

Here are the steps to implement this:
1. Define a predicate `decode_roman/2` that takes a Roman numeral string and its corresponding decimal value.
2. Use a list of tuples to map Roman numeral symbols to their values.
3. Iterate through the Roman numeral string, converting each symbol to its value and summing them up.

The rules for Roman numerals include:
- Symbols are added together for values less than 4000.
- Symbols are subtracted when a smaller symbol precedes a larger symbol (e.g., IV for 4, IX for 9).

We will implement this logic in Prolog.
</reasoning>

<code>
% Define the mapping of Roman numeral symbols to their values
roman_numeral_value('I', 1).
roman_numeral_value('V', 5).
roman_numeral_value('X', 10).
roman_numeral_value('L', 50).
roman_numeral_value('C', 100).
roman_numeral_value('D', 500).
roman_numeral_value('M', 1000).

% Predicate to decode a Roman numeral string to its decimal value
decode_roman([], 0).
decode_roman([H|T], Value) :-
    roman_numeral_value(H, HValue),
    decode_roman(T, TValue),
    (   HValue < TValue -> Value is TValue - HValue
    ;   Value is HValue + TValue
    ).

% Predicate to test the decode_roman predicate
decode_string(Roman, Value) :-
    atom_chars(Roman, RomanChars),
    decode_roman(RomanChars, Value).
</code>

<query>
decode_string(mcmxc, 1990).
</query>","<reasoning>
To solve this problem, we need to create a Prolog predicate that decodes a Roman numeral string into its corresponding decimal integer. The Roman numeral system uses specific symbols and their values, and we need to map these symbols to their respective values and then sum them up according to the rules of Roman numeral notation.

Here are the steps to implement this:
1. Define a predicate `decode_roman/2` that takes a Roman numeral string and its corresponding decimal value.
2. Create a helper predicate `roman_value/2` that maps each Roman numeral symbol to its value.
3. Use recursion to iterate through the Roman numeral string, converting each symbol to its value and summing them up.

The rules for Roman numerals are:
- I = 1
- V = 5
- X = 10
- L = 50
- C = 100
- D = 500
- M = 1000

When a smaller numeral appears before a larger numeral, it is subtracted (e.g., IV = 4, IX = 9). Otherwise, it is added.
</reasoning>

<code>
% Predicate to decode a Roman numeral string to its decimal value
decode_roman(Roman, Value) :-
    string_chars(Roman, Chars),
    decode_chars(Chars, 0, Value).

% Helper predicate to decode a list of Roman numeral characters
decode_chars([], Acc, Acc).
decode_chars([H|T], Acc, Value) :-
    roman_value(H, HValue),
    (   T = [Next|_], roman_value(Next, NextValue), HValue < NextValue ->
        decode_chars(T, Acc - HValue, Value)
    ;   decode_chars(T, Acc + HValue, Value)
    ).

% Predicate to map Roman numeral characters to their values
roman_value('I', 1).
roman_value('V', 5).
roman_value('X', 10).
roman_value('L', 50).
roman_value('C', 100).
roman_value('D', 500).
roman_value('M', 1000).
</code>

<query>
decode_roman(mcmxc, Value).
</query>","<reasoning>
To solve this problem, we need to create a Prolog function that decodes a Roman numeral string into its corresponding decimal integer. The function will map each Roman numeral character to its integer value and then process the string according to the rules of Roman numeral notation.

Here's the step-by-step approach:
1. Define a predicate `roman_numeral/2` that maps each Roman numeral character to its integer value.
2. Define a predicate `decode_string/2` that takes a Roman numeral string and returns its decimal value.
3. Implement the logic in `decode_string/2` to handle the conversion by iterating through the string and applying the rules of Roman numeral subtraction.

The rules of Roman numeral subtraction are:
- If a smaller numeral appears before a larger numeral, it is subtracted from the larger numeral.
- Otherwise, the numeral is added to the total.

</reasoning>
<code>
roman_numeral('I', 1).
roman_numeral('V', 5).
roman_numeral('X', 10).
roman_numeral('L', 50).
roman_numeral('C', 100).
roman_numeral('D', 500).
roman_numeral('M', 1000).

decode_string(Roman, Value) :-
    atom_chars(Roman, Chars),
    decode_chars(Chars, 0, Value).

decode_chars([], Acc, Acc).
decode_chars([H|T], Acc, Value) :-
    roman_numeral(H, HValue),
    (   T = [Next|_],
        roman_numeral(Next, NextValue),
        HValue < NextValue
    ->  decode_chars(T, Acc - HValue, Value)
    ;   decode_chars(T, Acc + HValue, Value)
    ).
</code>
<query>
decode_string(mcmxc, Value).
</query>"
False,"
Define a subsequence to be any output string obtained by deleting zero or more symbols from an input string.
The Longest Common Subsequence (LCS) is a subsequence of maximum length common to two or more strings.
Let A ≡ A[0]… A[m - 1] and B ≡ B[0]… B[n - 1], m < n be strings drawn from an alphabet Σ of size s, containing every distinct symbol in A + B.
An ordered pair (i, j) will be referred to as a match if A[i] = B[j], where 0 < i ≤ m and 0 < j ≤ n.
Define a non-strict product-order (≤) over ordered pairs, such that (i1, j1) ≤ (i2, j2) ⇔ i1 ≤ i2 and j1 ≤ j2. We define (≥) similarly.
We say m1, m2 are comparable if either m1 ≤ m2 or m1 ≥ m2 holds. If i1 < i2 and j2 < j1 (or i2 < i1 and j1 < j2) then neither m1 ≤ m2 nor m1 ≥ m2 are possible; and we say m1, m2 are incomparable.
We also define the strict product-order (<) over ordered pairs, such that (i1, j1) < (i2, j2) ⇔ i1 < i2 and j1 < j2. We define (>) similarly.
Given a set of matches M, a chain C is a subset of M consisting of at least one element m; and where either m1 < m2 or m1 > m2 for every pair of distinct elements m1 and m2. An antichain D is any subset of M in which every pair of distinct elements m1 and m2 are incomparable.
The set M represents a relation over match pairs: M[i, j] ⇔ (i, j) ∈ M. A chain C can be visualized as a curve which strictly increases as it passes through each match pair in the m*n coordinate space.
Finding an LCS can be restated as the problem of finding a chain of maximum cardinality p over the set of matches M.

Examples

The sequences ""1234"" and ""1224533324"" have an LCS of ""1234"":

1234
1224533324

For a string example, consider the sequences ""thisisatest"" and ""testing123testing"". An LCS would be ""tsitest"":

thisisatest
testing123testing

In this puzzle, your code only needs to deal with strings. Write a function which returns an LCS of two strings (case-sensitive). You don't need to show multiple LCS's.

Make a test on: lcs([a,b,c,d,e], [a,c,e], LCS).",0,0.0,0,0,0,0,"<reasoning>
To solve the problem of finding the Longest Common Subsequence (LCS) of two strings in Prolog, we can use dynamic programming. The idea is to build a 2D table where each cell (i, j) contains the length of the LCS of the substrings A[0..i-1] and B[0..j-1]. By filling this table, we can then backtrack to construct the LCS itself.

Here's the step-by-step approach:
1. Create a 2D table `lcs_table` where `lcs_table[I][J]` will store the length of the LCS of the substrings `A[0..I-1]` and `B[0..J-1]`.
2. Fill the table using the following rules:
   - If `A[I-1] == B[J-1]`, then `lcs_table[I][J] = lcs_table[I-1][J-1] + 1`.
   - Otherwise, `lcs_table[I][J] = max(lcs_table[I-1][J], lcs_table[I][J-1])`.
3. Backtrack from the bottom-right corner of the table to construct the LCS.

The query will test the `lcs/3` predicate with the given example.
</reasoning>

<code>
% Define the lcs predicate
lcs(A, B, LCS) :-
    string_length(A, M),
    string_length(B, N),
    length(lcs_table, M),
    maplist(length, lcs_table, N),
    fill_lcs_table(A, B, lcs_table),
    backtrack_lcs_table(A, B, M, N, lcs_table, LCS).

% Fill the LCS table
fill_lcs_table(_, _, []) :- !.
fill_lcs_table(A, B, [Row|Rows]) :-
    fill_lcs_row(A, B, Row),
    fill_lcs_table(A, B, Rows).

fill_lcs_row(_, _, []) :- !.
fill_lcs_row(A, B, [H|T]) :-
    fill_lcs_cell(A, B, H),
    fill_lcs_row(A, B, T).

fill_lcs_cell(_, _, 0) :- !.
fill_lcs_cell(A, B, H) :-
    string_char(A, I, H1),
    string_char(B, J, H2),
    (H1 == H2 -> H is I + J + 1 ; H is max(I, J)).

% Backtrack to construct the LCS
backtrack_lcs_table(_, _, 0, _, _, []) :- !.
backtrack_lcs_table(A, B, I, J, Table, [H|T]) :-
    lcs_table(Table, I, J, H),
    (I > 0, J > 0, string_char(A, I, H1), string_char(B, J, H2), H1 == H2 ->
        I1 is I - 1, J1 is J - 1
    ; I > 0, I1 is I - 1, J1 is J
    ; I1 is I, J1 is J - 1
    ),
    backtrack_lcs_table(A, B, I1, J1, Table, T).

% Helper predicate to access elements in the 2D table
lcs_table([Row|_], I, J, H) :-
    nth0(I, Row, H).
</code>

<query>
lcs([a,b,c,d,e], [a,c,e], LCS).
</query>","<reasoning>
To solve the problem of finding the Longest Common Subsequence (LCS) of two strings in Prolog, we can use dynamic programming. The idea is to build a 2D table where each cell (i, j) contains the length of the LCS of the substrings A[0..i-1] and B[0..j-1]. By filling this table, we can then backtrack to construct the LCS itself.

Here's the step-by-step approach:
1. Create a 2D table `lcs_table` where `lcs_table[I][J]` will store the length of the LCS of the substrings `A[0..I-1]` and `B[0..J-1]`.
2. Fill the table using the following rules:
   - If `A[I-1] == B[J-1]`, then `lcs_table[I][J] = lcs_table[I-1][J-1] + 1`.
   - Otherwise, `lcs_table[I][J] = max(lcs_table[I-1][J], lcs_table[I][J-1])`.
3. Backtrack from the bottom-right corner of the table to construct the LCS.

Finally, we will define a predicate `lcs/3` that takes two strings and an output variable for the LCS.
</reasoning>

<code>
% Define the predicate to find the LCS of two strings
lcs(A, B, LCS) :-
    string_length(A, M),
    string_length(B, N),
    length(LCS, M),
    lcs_table(A, B, M, N, LCS).

% Initialize the LCS table
lcs_table(_, _, 0, _, _).
lcs_table(_, _, _, 0, _).
lcs_table(A, B, M, N, LCS) :-
    M > 0, N > 0,
    string_char(A, M-1, AChar),
    string_char(B, N-1, BChar),
    (   AChar = BChar
    ->  lcs_table(A, B, M-1, N-1, LCS0),
        string_concat([AChar], LCS0, LCS)
    ;   lcs_table(A, B, M-1, N, LCS1),
        lcs_table(A, B, M, N-1, LCS2),
        length(LCS1, Len1),
        length(LCS2, Len2),
        (   Len1 >= Len2
        ->  LCS = LCS1
        ;   LCS = LCS2
        )
    ).

% Example query
% lcs([a,b,c,d,e], [a,c,e], LCS).
</code>

<query>
lcs([a,b,c,d,e], [a,c,e], LCS).
</query>","<reasoning>
To solve the problem of finding the Longest Common Subsequence (LCS) of two strings in Prolog, we can use dynamic programming. The idea is to build a 2D table where each cell (i, j) contains the length of the LCS of the substrings A[0..i-1] and B[0..j-1]. By filling this table, we can then backtrack to construct the LCS itself.

Here's the step-by-step approach:
1. Create a 2D list `lcs_table` to store the lengths of LCS for different substrings.
2. Initialize the table with zeros.
3. Fill the table using the following rules:
   - If the characters A[i-1] and B[j-1] are the same, then `lcs_table[i][j] = lcs_table[i-1][j-1] + 1`.
   - If the characters are different, then `lcs_table[i][j] = max(lcs_table[i-1][j], lcs_table[i][j-1])`.
4. Backtrack from the bottom-right corner of the table to construct the LCS.

Finally, we will define a predicate `lcs/3` that takes two strings and an output list for the LCS.
</reasoning>

<code>
% Define the predicate lcs/3 to find the LCS of two strings
lcs(String1, String2, LCS) :-
    string_to_list(String1, List1),
    string_to_list(String2, List2),
    length(List1, M),
    length(List2, N),
    initialize_table(M, N, Table),
    fill_table(List1, List2, M, N, Table, Result),
    backtrack_table(Table, M, N, Result, LCS).

% Initialize the table with zeros
initialize_table(M, N, Table) :-
    length(Table, M),
    maplist(length, Table, N),
    maplist(fill_row, Table).

fill_row(Row) :-
    maplist(=, Row, 0).

% Fill the table using dynamic programming
fill_table(_, _, 0, _, _, _).
fill_table(_, _, _, 0, _, _).
fill_table([H1|T1], [H2|T2], M, N, Table, Result) :-
    fill_table([H1|T1], T2, M, N, Table, Result1),
    fill_table(T1, [H2|T2], M, N, Table, Result2),
    (   H1 = H2
    ->  Result = [H1|Result1],
        NewValue = length(Result1) + 1
    ;   length(Result1) >= length(Result2)
    ->  Result = Result1,
        NewValue = length(Result1)
    ;   Result = Result2,
        NewValue = length(Result2)
    ),
    nth0(M-1, Table, Row),
    nth0(N-1, Row, NewValue),
    fill_table(T1, T2, M, N, Table, Result).

% Backtrack to construct the LCS
backtrack_table(_, 0, _, _, []).
backtrack_table(_, _, 0, _, []).
backtrack_table(Table, M, N, Result, [H|T]) :-
    nth0(M-1, Table, Row),
    nth0(N-1, Row, Value),
    nth0(M-2, Table, PrevRow),
    nth0(N-2, PrevRow, PrevValue),
    (   Value = PrevValue + 1
    ->  H = H,
        backtrack_table(Table, M-1, N-1, Result, T)
    ;   length(PrevRow) >= length(Row)
    ->  backtrack_table(Table, M-1, N, Result, T)
    ;   backtrack_table(Table, M, N-1, Result, T)
    ).
</code>

<query>
lcs([a,b,c,d,e], [a,c,e], LCS).
</query>","<reasoning>
To solve the problem of finding the Longest Common Subsequence (LCS) of two strings in Prolog, we can use dynamic programming. The idea is to build a 2D table where each cell (i, j) contains the length of the LCS of the substrings A[0..i-1] and B[0..j-1]. By filling this table, we can then backtrack to construct the LCS itself.

Here's the step-by-step approach:
1. Create a 2D table `lcs_table` where `lcs_table(I, J)` represents the length of the LCS of the substrings A[0..I-1] and B[0..J-1].
2. Fill the table using the following rules:
   - If A[I-1] == B[J-1], then `lcs_table(I, J) = lcs_table(I-1, J-1) + 1`.
   - Otherwise, `lcs_table(I, J) = max(lcs_table(I-1, J), lcs_table(I, J-1))`.
3. Backtrack from the bottom-right corner of the table to construct the LCS.

Finally, we will define a predicate `lcs/3` that takes two strings and an output variable for the LCS.
</reasoning>

<code>
% Define the predicate to find the LCS of two strings
lcs(String1, String2, LCS) :-
    string_chars(String1, Chars1),
    string_chars(String2, Chars2),
    length(Chars1, Len1),
    length(Chars2, Len2),
    initialize_table(Len1, Len2, Table),
    fill_table(Chars1, Chars2, Len1, Len2, Table),
    backtrack_table(Chars1, Chars2, Len1, Len2, Table, LCS).

% Initialize the table with zeros
initialize_table(0, _, []) :-
    !.
initialize_table(_, 0, []) :-
    !.
initialize_table(I, J, [[0|Row]|Rows]) :-
    initialize_table(I, J-1, Rows),
    length(Row, J).

% Fill the table using dynamic programming
fill_table(_, _, 0, _, _, _).
fill_table(_, _, _, 0, _, _).
fill_table([H1|T1], [H2|T2], I, J, Table, NewTable) :-
    (H1 = H2 ->
        NewValue is 1 + nth0(J-1, Table, Row),
        nth0(I-1, Row, Value),
        NewRow = [NewValue|Row],
        nth0(I-1, NewTable, NewRow),
        fill_table(T1, T2, I-1, J-1, NewTable, _)
    ;
        Left is nth0(J-1, Table, Row),
        nth0(I-1, Row, Value),
        Right is nth0(I-1, NewTable, Row),
        NewValue is max(Left, Right),
        NewRow = [NewValue|Row],
        nth0(I-1, NewTable, NewRow),
        fill_table([H1|T1], T2, I-1, J, NewTable, _)
    ).

% Backtrack to find the LCS
backtrack_table(_, _, 0, _, _, []) :-
    !.
backtrack_table(_, _, _, 0, _, []) :-
    !.
backtrack_table([H1|T1], [H2|T2], I, J, Table, [H1|LCS]) :-
    nth0(J-1, Table, Row),
    nth0(I-1, Row, Value),
    Left is nth0(J-1, Table, Row2),
    nth0(I-1, Row2, Value2),
    Right is nth0(I-1, Table, Row3),
    nth0(I-1, Row3, Value3),
    (Value = Value2 ->
        backtrack_table(T1, T2, I-1, J-1, Table, LCS)
    ;
        (Value = Value3 ->
            backtrack_table([H1|T1], T2, I-1, J, Table, LCS)
        ;
            backtrack_table(T1, [H2|T2], I, J-1, Table, LCS)
        )
    ).

% Helper predicate to find the maximum of two numbers
max(X, Y, X) :-
    X >= Y.
max(X, Y, Y) :-
    X < Y.
</code>

<query>
lcs([a,b,c,d,e], [a,c,e], LCS).
</query>"
False,"Huffman encoding is a way to assign binary codes to symbols that reduces the overall number of bits used to encode a typical string of those symbols.
For example, if you use letters as symbols and have details of the frequency of occurrence of those letters in typical strings, then you could just encode each letter with a fixed number of bits, such as in ASCII codes. You can do better than this by encoding more frequently occurring letters such as e and a, with smaller bit strings; and less frequently occurring letters such as q and x with longer bit strings.
Any string of letters will be encoded as a string of bits that are no-longer of the same length per letter. To successfully decode such as string, the smaller codes assigned to letters such as 'e' cannot occur as a prefix in the larger codes such as that for 'x'.
If you were to assign a code 01 for 'e' and code 011 for 'x', then if the bits to decode started as 011... then you would not know if you should decode an 'e' or an 'x'.
The Huffman coding scheme takes each symbol and its weight (or frequency of occurrence), and generates proper encodings for each symbol taking account of the weights of each symbol, so that higher weighted symbols have fewer bits in their encoding. (See the WP article for more information).
A Huffman encoding can be computed by first creating a tree of nodes:

Create a leaf node for each symbol and add it to the priority queue.
While there is more than one node in the queue:
Remove the node of highest priority (lowest probability) twice to get two nodes.
Create a new internal node with these two nodes as children and with probability equal to the sum of the two nodes' probabilities.
Add the new node to the queue.
The remaining node is the root node and the tree is complete.

Traverse the constructed binary tree from root to leaves assigning and accumulating a '0' for one branch and a '1' for the other at each node. The accumulated zeros and ones at each leaf constitute a Huffman encoding for those symbols and weights:

Task

Using the characters and their frequency from the string: this is an example for huffman encoding create a program to generate a Huffman encoding for each character as a table.

Make a test on: packList([a,a,b,c,c,c], Result).",0,0.0,0,0,0,0,"<reasoning>
To implement Huffman encoding in Prolog, we need to follow these steps:

1. Create a priority queue of nodes, where each node represents a character and its frequency.
2. Repeatedly remove the two nodes with the lowest frequencies, create a new internal node with these two nodes as children, and add the new node back to the priority queue.
3. Traverse the constructed binary tree to generate the Huffman codes for each character.
4. Store the Huffman codes in a table.

We will use a list of tuples to represent the priority queue, where each tuple contains a character and its frequency. We will use a recursive approach to traverse the tree and generate the Huffman codes.
</reasoning>

<code>
% Define a node as a tuple (Char, Frequency, Left, Right)
node(Char, Frequency, Left, Right) :- atom(Char), integer(Frequency), var(Left), var(Right).

% Create a priority queue from a list of characters and their frequencies
create_priority_queue([], []).
create_priority_queue([(Char, Frequency) | Rest], Queue) :-
    node(Char, Frequency, _, _) = Node,
    create_priority_queue(Rest, RestQueue),
    insert_node(Node, RestQueue, Queue).

% Insert a node into the priority queue
insert_node(Node, [], [Node]).
insert_node(Node, [Node2 | Rest], [Node | [Node2 | Rest]]) :-
    node(_, Frequency1, _, _) = Node,
    node(_, Frequency2, _, _) = Node2,
    Frequency1 =< Frequency2.
insert_node(Node, [Node2 | Rest], [Node2 | NewRest]) :-
    insert_node(Node, Rest, NewRest).

% Build the Huffman tree from the priority queue
build_huffman_tree([Node], Node).
build_huffman_tree([Node1, Node2 | Rest], Tree) :-
    node(_, _, Left1, Right1) = Node1,
    node(_, _, Left2, Right2) = Node2,
    NewNode = node(nil, Frequency1 + Frequency2, Node1, Node2),
    insert_node(NewNode, Rest, NewRest),
    build_huffman_tree(NewRest, Tree).

% Traverse the Huffman tree to generate Huffman codes
traverse_tree(node(Char, _, _, _), Code, [(Char, Code)]).
traverse_tree(node(_, _, Left, Right), Code, Codes) :-
    traverse_tree(Left, '0' + Code, Codes1),
    traverse_tree(Right, '1' + Code, Codes2),
    append(Codes1, Codes2, Codes).

% Generate Huffman codes for a list of characters and their frequencies
huffman_codes([(Char, Frequency) | Rest], Codes) :-
    create_priority_queue([(Char, Frequency) | Rest], Queue),
    build_huffman_tree(Queue, Tree),
    traverse_tree(Tree, '', Codes).

% Pack a list of elements into a list of tuples with their frequencies
packList(List, Result) :-
    findall((Char, Frequency), (member(Char, List), count(Char, List, Frequency)), Result).

% Helper predicate to count occurrences of an element in a list
count(_, [], 0).
count(X, [X | Rest], Count) :-
    count(X, Rest, Count1),
    Count is Count1 + 1.
count(X, [_ | Rest], Count) :-
    count(X, Rest, Count).
</code>

<query>
packList([a,a,b,c,c,c], Result).
</query>","<reasoning>
To generate a Huffman encoding for a given set of characters and their frequencies, we need to follow these steps:

1. Create a priority queue (min-heap) of nodes, where each node represents a character and its frequency.
2. While there is more than one node in the queue:
   - Remove the two nodes with the lowest frequencies.
   - Create a new internal node with these two nodes as children and with a frequency equal to the sum of the two nodes' frequencies.
   - Add the new node back to the queue.
3. Once the queue contains only one node, it is the root of the Huffman tree.
4. Traverse the tree from the root to each leaf, assigning '0' for the left branch and '1' for the right branch, to generate the Huffman codes for each character.

For the given example, we will create a Huffman tree for the characters 'a', 'b', 'c', and their frequencies. Then, we will generate the Huffman codes for each character and store them in a table.

The `packList` predicate is used to create a list of tuples, where each tuple contains a character and its frequency. The `Result` variable will store the list of Huffman codes for each character.
</reasoning>

<code>
% Define a node structure
node(Freq, Char, Left, Right) :-
    frequency(Freq),
    character(Char),
    (   Left = node(_, _, _, _), Right = node(_, _, _, _)
    ;   Left = nil, Right = nil
    ).

% Define a frequency structure
frequency(Freq) :-
    integer(Freq),
    Freq >= 0.

% Define a character structure
character(Char) :-
    atom(Char).

% Define a nil node
nil.

% Predicate to create a Huffman tree
huffman_tree(List, Tree) :-
    priority_queue(List, Queue),
    huffman_tree(Queue, Tree).

% Predicate to create a Huffman tree from a priority queue
huffman_tree([Node], Node) :-
    !.
huffman_tree(Queue, Tree) :-
    priority_queue_remove(Queue, Node1),
    priority_queue_remove(Queue, Node2),
    NewFreq is Node1.freq + Node2.freq,
    NewNode = node(NewFreq, nil, Node1, Node2),
    priority_queue_insert(Queue, NewNode, NewQueue2),
    huffman_tree(NewQueue2, Tree).

% Predicate to generate Huffman codes
huffman_codes(Tree, Codes) :-
    huffman_codes(Tree, """", Codes).

% Predicate to generate Huffman codes from a tree
huffman_codes(node(_, Char, Left, Right), Code, Codes) :-
    (   Char \= nil
    ->  Codes = [Code-Char | Rest],
        huffman_codes(Left, Code-""0"", Rest),
        huffman_codes(Right, Code-""1"", Rest)
    ;   huffman_codes(Left, Code-""0"", Codes),
        huffman_codes(Right, Code-""1"", Codes)
    ).

% Predicate to create a priority queue from a list
priority_queue(List, Queue) :-
    priority_queue_new(Queue),
    maplist(priority_queue_insert(Queue), List).

% Predicate to insert an element into a priority queue
priority_queue_insert(Queue, Element, NewQueue) :-
    priority_queue_insert(Queue, Element, NewQueue).

% Predicate to remove an element from a priority queue
priority_queue_remove(Queue, Element) :-
    priority_queue_remove(Queue, Element).

% Predicate to create a new priority queue
priority_queue_new(Queue) :-
    priority_queue_new(Queue).
</code>

<query>
packList([a,a,b,c,c,c], Result).
</query>","<reasoning>
To generate a Huffman encoding for a given set of characters and their frequencies, we need to follow these steps:

1. Create a priority queue (min-heap) of nodes, where each node represents a character and its frequency.
2. While there is more than one node in the queue:
   - Remove the two nodes with the lowest frequencies.
   - Create a new internal node with these two nodes as children and with a frequency equal to the sum of the two nodes' frequencies.
   - Add the new node back to the queue.
3. Once the queue contains only one node, it is the root of the Huffman tree.
4. Traverse the tree from the root to each leaf, assigning '0' for the left branch and '1' for the right branch, to generate the Huffman codes for each character.

For the given example, we will create a Huffman encoding for the characters 'a', 'b', 'c', and their frequencies in the string ""this is an example for huffman encoding"".

The `packList` predicate is used to create a list of tuples where each tuple contains a character and its frequency. The `huffman` predicate will then generate the Huffman encoding for each character.
</reasoning>

<code>
% Define a node in the Huffman tree
node(Freq, Char, Left, Right) :-
    node(Freq, Char, Left, Right).

% Predicate to create a list of nodes from a list of tuples
create_nodes([], []).
create_nodes([(Char, Freq)|T], [node(Freq, Char, _, _)|Nodes]) :-
    create_nodes(T, Nodes).

% Predicate to insert a node into a priority queue (min-heap)
insert([], Node, [Node]).
insert([H|T], Node, [Node, H|T]) :-
    Node =< H.
insert([H|T], Node, [H|NewT]) :-
    insert(T, Node, NewT).

% Predicate to build the Huffman tree
build_tree([Node], Node).
build_tree([Node1, Node2|T], Tree) :-
    NewFreq is Node1 + Node2,
    NewNode = node(NewFreq, _, Node1, Node2),
    insert(T, NewNode, NewT),
    build_tree(NewT, Tree).

% Predicate to traverse the Huffman tree and generate codes
traverse(node(_, _, Left, Right), Path, Codes) :-
    traverse(Left, [0|Path], Codes1),
    traverse(Right, [1|Path], Codes2),
    append(Codes1, Codes2, Codes).
traverse(node(Freq, Char, _, _), Path, [(Char, Path)|Codes]) :-
    reverse(Path, ReversedPath),
    Codes = [(Char, ReversedPath)].

% Predicate to generate Huffman encoding for a list of characters and their frequencies
huffman([(Char, Freq)|T], Codes) :-
    create_nodes([(Char, Freq)|T], Nodes),
    build_tree(Nodes, Tree),
    traverse(Tree, [], Codes).

% Predicate to pack a list of characters into a list of tuples with frequencies
packList(List, Result) :-
    pack(List, Packed),
    maplist(count_freq, Packed, Result).

% Predicate to count the frequency of each character in a list
count_freq([Char|_], (Char, Freq)) :-
    length([Char|_], Freq).
</code>

<query>
packList([a,a,b,c,c,c], Result).
</query>","<reasoning>
To generate a Huffman encoding for a given set of characters and their frequencies, we need to follow these steps:

1. Create a priority queue (min-heap) of nodes, where each node represents a character and its frequency.
2. While there is more than one node in the queue:
   - Remove the two nodes with the lowest frequencies.
   - Create a new internal node with these two nodes as children and with a frequency equal to the sum of the two nodes' frequencies.
   - Add the new node back to the queue.
3. Once the queue contains only one node, it is the root of the Huffman tree.
4. Traverse the tree from the root to each leaf, assigning '0' for the left branch and '1' for the right branch. This will give us the Huffman encoding for each character.

For the given example, we will create a Huffman encoding for the characters 'a', 'b', 'c', and 's' with their respective frequencies.

</reasoning>

<code>
% Define a node structure
node(Freq, Char, Left, Right) :-
    frequency(Freq),
    character(Char),
    (   Left = node(_, _, _, _); Left = nil ),
    (   Right = node(_, _, _, _); Right = nil ).

% Define a frequency structure
frequency(F) :-
    integer(F),
    F >= 0.

% Define a character structure
character(C) :-
    atom(C).

% Define a nil node
nil.

% Create a priority queue from a list of nodes
create_priority_queue([], []).
create_priority_queue([Node | Nodes], Queue) :-
    insert_node(Node, Queue, NewQueue),
    create_priority_queue(Nodes, NewQueue).

% Insert a node into the priority queue
insert_node(Node, [], [Node]).
insert_node(Node, [Node2 | Nodes], [Node | [Node2 | Nodes]]) :-
    node(Freq, _, _, _), node(Freq2, _, _, _),
    Freq =< Freq2.
insert_node(Node, [Node2 | Nodes], [Node2 | NewNodes]) :-
    insert_node(Node, Nodes, NewNodes).

% Remove the two nodes with the lowest frequencies from the priority queue
remove_two_nodes([Node1, Node2 | Nodes], Node1, Node2, Nodes).

% Build the Huffman tree
build_huffman_tree([Node], Node).
build_huffman_tree([Node1, Node2 | Nodes], Tree) :-
    create_priority_queue([Node1, Node2 | Nodes], Queue),
    remove_two_nodes(Queue, Node1, Node2, NewQueue),
    build_huffman_tree([node(Node1Freq + Node2Freq, nil, Node1, Node2) | NewQueue], Tree).

% Traverse the Huffman tree and generate the Huffman codes
traverse_tree(node(_, _, Left, Right), Code, Codes) :-
    traverse_tree(Left, [0 | Code], LeftCodes),
    traverse_tree(Right, [1 | Code], RightCodes),
    append(LeftCodes, RightCodes, Codes).
traverse_tree(nil, _, []).

% Generate the Huffman encoding for a list of characters
huffman_encoding(Chars, Codes) :-
    create_frequency_table(Chars, FrequencyTable),
    create_nodes(FrequencyTable, Nodes),
    create_priority_queue(Nodes, Queue),
    build_huffman_tree(Queue, Tree),
    traverse_tree(Tree, [], Codes).

% Create a frequency table from a list of characters
create_frequency_table([], []).
create_frequency_table([Char | Chars], [node(Freq, Char, nil, nil) | FrequencyTable]) :-
    count_frequency(Chars, Char, Freq),
    create_frequency_table(Chars, FrequencyTable).

% Count the frequency of a character in a list
count_frequency([], _, 0).
count_frequency([Char | Chars], Char, Freq) :-
    count_frequency(Chars, Char, Freq1),
    Freq is Freq1 + 1.
count_frequency([_ | Chars], Char, Freq) :-
    count_frequency(Chars, Char, Freq).

% Create nodes from a frequency table
create_nodes([], []).
create_nodes([Node | Nodes], [Node | NewNodes]) :-
    create_nodes(Nodes, NewNodes).
</code>

<query>
packList([a,a,b,c,c,c], Result).
</query>"
False,"The 24 Game tests one's mental arithmetic.
Task
Write a program that randomly chooses and displays four digits, each from 1 ──► 9 (inclusive) with repetitions allowed.

The program should prompt for the player to enter an arithmetic expression using just those, and all of those four digits, used exactly once each. The program should check then evaluate the expression.

The goal is for the player to enter an expression that (numerically) evaluates to 24.

 Only the following operators/functions are allowed: multiplication, division, addition, subtraction
 Division should use floating point or rational arithmetic, etc, to preserve remainders.
 Brackets are allowed, if using an infix expression evaluator.
 Forming multiple digit numbers from the supplied digits is disallowed. (So an answer of 12+12 when given 1, 2, 2, and 1 is wrong).
 The order of the digits when given does not have to be preserved.

Notes
 The type of expression evaluator used is not mandated. An RPN evaluator is equally acceptable for example.
 The task is not for the program to generate the expression, or test whether an expression is even possible.

Make a test on: answer(X), X is 8 * 3.",0,0.0,0,0,0,0,"<reasoning>
To solve this problem, we need to create a Prolog program that:
1. Randomly selects four digits from 1 to 9.
2. Prompts the user to enter an arithmetic expression using these digits exactly once.
3. Evaluates the expression and checks if it equals 24.
4. Only allows the use of the specified operators: multiplication, division, addition, and subtraction.
5. Ensures that the order of the digits is not preserved and that forming multiple-digit numbers is not allowed.

We will use a simple arithmetic evaluator to check the expression. For simplicity, we will use the `is/2` predicate in Prolog, which evaluates arithmetic expressions.

Here's the Prolog code to achieve this:
</reasoning>
<code>
% Define the allowed operators
operators(['+', '-', '*', '/']).

% Generate four random digits between 1 and 9
generate_digits(D1, D2, D3, D4) :-
    random_between(1, 9, D1),
    random_between(1, 9, D2),
    random_between(1, 9, D3),
    random_between(1, 9, D4).

% Check if the expression evaluates to 24
is_24(Expression) :-
    operators(Operators),
    member(Operator, Operators),
    Expression =.. [Operator, A, B],
    (   is_24(A), is_24(B)
    ;   is_number(A), is_number(B)
    ),
    (   Operator = '+', A + B =:= 24
    ;   Operator = '-', A - B =:= 24
    ;   Operator = '*', A * B =:= 24
    ;   Operator = '/', A / B =:= 24
    ).

% Main predicate to play the game
play_24_game :-
    generate_digits(D1, D2, D3, D4),
    format('Digits: ~d, ~d, ~d, ~d~n', [D1, D2, D3, D4]),
    read(Expression),
    is_24(Expression),
    format('Correct! The expression evaluates to 24.~n').
</code>
<query>
play_24_game.
</query>","<reasoning>
To solve this problem, we need to create a Prolog program that:
1. Generates four random digits between 1 and 9.
2. Prompts the user to enter an arithmetic expression using these digits exactly once.
3. Evaluates the expression and checks if it equals 24.
4. Handles basic arithmetic operations: addition, subtraction, multiplication, and division.
5. Allows the use of brackets for complex expressions.

We will use the `random/2` predicate to generate random digits and the `read/1` predicate to get user input. The `eval/1` predicate will be used to evaluate the arithmetic expression.

Here's the Prolog code to achieve this:
</reasoning>
<code>
% Generate a random digit between 1 and 9
random_digit(Digit) :-
    random(1, 10, Digit).

% Generate four random digits
generate_digits(D1, D2, D3, D4) :-
    random_digit(D1),
    random_digit(D2),
    random_digit(D3),
    random_digit(D4).

% Prompt the user for an arithmetic expression
get_expression(Expression) :-
    write('Enter an arithmetic expression using the digits exactly once: '),
    read(Expression).

% Evaluate the expression and check if it equals 24
answer(X) :-
    generate_digits(D1, D2, D3, D4),
    format('Digits: ~d, ~d, ~d, ~d~n', [D1, D2, D3, D4]),
    get_expression(Expression),
    eval(Expression, Result),
    Result =:= 24.

% Evaluate the arithmetic expression
eval(X, Result) :-
    catch((X is Result), _, fail).
</code>
<query>
answer(X).
</query>","<reasoning>
To solve this problem, we need to create a Prolog program that:
1. Randomly generates four digits between 1 and 9.
2. Prompts the user to enter an arithmetic expression using these four digits exactly once.
3. Evaluates the expression and checks if it equals 24.
4. Only allows the use of the operators: multiplication, division, addition, and subtraction.
5. Ensures that division preserves remainders.
6. Allows the use of brackets for complex expressions.

We will use the `random/2` predicate to generate random digits and the `read/1` predicate to get user input. We will then evaluate the expression using the `is/2` predicate and check if the result is 24.
</reasoning>

<code>
% Generate a random digit between 1 and 9
random_digit(Digit) :-
    random(1, 10, Digit).

% Generate four random digits
generate_digits(D1, D2, D3, D4) :-
    random_digit(D1),
    random_digit(D2),
    random_digit(D3),
    random_digit(D4).

% Prompt the user for an expression and evaluate it
evaluate_expression(D1, D2, D3, D4) :-
    write('Enter an expression using the digits: '),
    write(D1), write(', '), write(D2), write(', '), write(D3), write(', '), write(D4), nl,
    read(Expression),
    format('Expression: ~p~n', [Expression]),
    (   Expression is D1 + D2 + D3 + D4 ->
        write('Result: '), write(Expression), nl,
        (   Expression =:= 24 ->
            write('Congratulations! You got 24!') ;
            write('Sorry, the result is not 24.')
        ) ;
        (   Expression is D1 - D2 - D3 - D4 ->
            write('Result: '), write(Expression), nl,
            (   Expression =:= 24 ->
                write('Congratulations! You got 24!') ;
                write('Sorry, the result is not 24.')
            ) ;
            (   Expression is D1 * D2 * D3 * D4 ->
                write('Result: '), write(Expression), nl,
                (   Expression =:= 24 ->
                    write('Congratulations! You got 24!') ;
                    write('Sorry, the result is not 24.')
                ) ;
                (   Expression is D1 / D2 / D3 / D4 ->
                    write('Result: '), write(Expression), nl,
                    (   Expression =:= 24 ->
                        write('Congratulations! You got 24!') ;
                        write('Sorry, the result is not 24.')
                    ) ;
                    write('Sorry, the result is not 24.')
                )
            )
        )
    ).

% Main predicate to start the game
answer(X) :-
    generate_digits(D1, D2, D3, D4),
    evaluate_expression(D1, D2, D3, D4).
</code>

<query>
answer(X), X is 8 * 3.
</query>","<reasoning>
To solve this problem, we need to create a Prolog program that:
1. Randomly selects four digits from 1 to 9.
2. Prompts the user to enter an arithmetic expression using these digits exactly once.
3. Evaluates the expression and checks if it equals 24.
4. Only allows the use of the operators: multiplication, division, addition, and subtraction.
5. Ensures that division preserves remainders.
6. Allows the use of brackets for complex expressions.

We will use a simple arithmetic evaluator to check the expression. The program will not generate the expression or test its possibility.

Here's the Prolog code to achieve this:
</reasoning>
<code>
% Define the allowed operators
operators(['+', '-', '*', '/']).

% Generate four random digits between 1 and 9
generate_digits(D1, D2, D3, D4) :-
    random_between(1, 9, D1),
    random_between(1, 9, D2),
    random_between(1, 9, D3),
    random_between(1, 9, D4).

% Prompt the user for an expression and evaluate it
play_game :-
    generate_digits(D1, D2, D3, D4),
    write('Digits: '), write(D1), write(', '), write(D2), write(', '), write(D3), write(', '), writeln(D4),
    write('Enter an arithmetic expression using these digits exactly once: '),
    read(Expression),
    evaluate_expression(Expression, Result),
    (Result = 24 -> writeln('Correct!'); writeln('Incorrect. The result is '), write(Result), writeln('.')).

% Evaluate the expression
evaluate_expression(Expression, Result) :-
    operators(Operators),
    evaluate(Expression, Operators, Result).

evaluate(Expression, _, Result) :-
    number(Expression), !,
    Result = Expression.
evaluate(Expression, Operators, Result) :-
    member(Op, Operators),
    split_expression(Expression, Op, Left, Right),
    evaluate(Left, Operators, LeftResult),
    evaluate(Right, Operators, RightResult),
    (Op = '+' -> Result is LeftResult + RightResult;
     Op = '-' -> Result is LeftResult - RightResult;
     Op = '*' -> Result is LeftResult * RightResult;
     Op = '/' -> Result is LeftResult / RightResult).

split_expression(Expression, Op, Left, Right) :-
    atom_chars(Expression, Chars),
    split_string(Chars, Op, '', [LeftChars, RightChars]),
    atom_chars(Left, LeftChars),
    atom_chars(Right, RightChars).
</code>
<query>
answer(X), X is 8 * 3.
</query>"
